,ID,Name,Designation,HEC Supervisor,Email,Department,Extension,Image,Profile URL
0,1238,Dr. Kashif Zafar,Professor & HOD,1,kashif.zafar@nu.edu.pk,FAST School of Computing Faculty,-1,https://lhr.nu.edu.pk/media/Faculty/02_-_Dr._Kashif_Zafar_Prof__HoD_CS.png,https://lhr.nu.edu.pk/fsc/facultyProfile/1238
1,4391,Dr. Asif Mahmood Gillani,Professor,1,asif.gilani@nu.edu.pk,FAST School of Computing Faculty,-1,https://lhr.nu.edu.pk/media/Faculty/03_-_Dr._Asif_Mahmood_Gilani_Professor_CS.JPG,https://lhr.nu.edu.pk/fsc/facultyProfile/4391
2,5424,Dr. Hammad Naveed,Professor,1,hammad.naveed@nu.edu.pk,FAST School of Computing Faculty,-1,https://lhr.nu.edu.pk/media/Faculty/01_-_Dr._Hammad_Naveed_Professor_CS__Director.JPG,https://lhr.nu.edu.pk/fsc/facultyProfile/5424
3,4027,Dr. Aamir Wali,Associate Professor,1,aamir.wali@nu.edu.pk,FAST School of Computing Faculty,-1,https://lhr.nu.edu.pk/media/Faculty/44_-_Dr._Aamir_Wali_Asst_Prof__HoD_AIDS.JPG,https://lhr.nu.edu.pk/fsc/facultyProfile/4027
4,6174,Dr. Arshad Ali,Associate Professor,1,arshad.ali1@nu.edu.pk,FAST School of Computing Faculty,-1,https://lhr.nu.edu.pk/media/Faculty/04_-_Dr._Arshad_Ali_Assoc._Prof_CS.JPG,https://lhr.nu.edu.pk/fsc/facultyProfile/6174
5,6113,Dr. Asma Naseer,Associate Professor,1,asma.naseer@nu.edu.pk,FAST School of Computing Faculty,-1,https://lhr.nu.edu.pk/media/Faculty/Dr_Asma_Naseer-removebg-preview.png,https://lhr.nu.edu.pk/fsc/facultyProfile/6113
6,9538,Dr. Irfan Younas,Associate Professor,1,irfan.younas@nu.edu.pk,FAST School of Computing Faculty,-1,https://lhr.nu.edu.pk/media/Faculty/007_Dr._Irfan_Younas_AP_CS-removebg-preview.jpg,https://lhr.nu.edu.pk/fsc/facultyProfile/9538
7,5181,Dr. Rana Asif Rehman,Associate Professor,1,r.asif@nu.edu.pk,FAST School of Computing Faculty,-1,https://lhr.nu.edu.pk/media/Faculty/06_-_Dr._Rana_Asif_Rehman_Assoc._Prof_CS.JPG,https://lhr.nu.edu.pk/fsc/facultyProfile/5181
8,4261,Dr. Saira Karim,Associate Professor,1,saira.karim@nu.edu.pk,FAST School of Computing Faculty,-1,https://lhr.nu.edu.pk/media/Faculty/07_-_Dr._Saira_Karim_Asst_Prof_CS.JPG,https://lhr.nu.edu.pk/fsc/facultyProfile/4261
9,4329,Dr. Zareen Alamgir,Associate Professor,1,zareen.alamgir@nu.edu.pk,FAST School of Computing Faculty,-1,https://lhr.nu.edu.pk/media/Faculty/05_-_Dr._Zareen_Alamgir_Assoc_Prof._CS.JPG,https://lhr.nu.edu.pk/fsc/facultyProfile/4329
10,9113,Dr. Ali Afzal Malik,Assistant Professor,1,ali.afzal@nu.edu.pk,FAST School of Computing Faculty,-1,https://lhr.nu.edu.pk/media/Faculty/55_-_Dr._Ali_Afzal_Malik_Asst_Prof_SE.JPG,https://lhr.nu.edu.pk/fsc/facultyProfile/9113
11,6418,Dr. Ammar Haider,Assistant Professor,0,ammar.haider@nu.edu.pk,FAST School of Computing Faculty,-1,https://lhr.nu.edu.pk/media/Faculty/16-_Dr._Ammar_Haider_Asst._Prof._CS.JPG,https://lhr.nu.edu.pk/fsc/facultyProfile/6418
12,4335,Dr. Asma Ahmad,Assistant Professor,0,asma.ahmad@nu.edu.pk,FAST School of Computing Faculty,-1,https://lhr.nu.edu.pk/media/Faculty/47_-_Dr._Asma_Ahmad_Asst_Prof_AIDS.jpg,https://lhr.nu.edu.pk/fsc/facultyProfile/4335
13,6667,Dr. Faisal Aslam,Assistant Professor,0,faisal.aslam@nu.edu.pk,FAST School of Computing Faculty,-1,https://lhr.nu.edu.pk/media/Faculty/6667_2.png,https://lhr.nu.edu.pk/fsc/facultyProfile/6667
14,4677,Dr. Farooq Ahmed,Assistant Professor,0,farooq.ahmad@nu.edu.pk,FAST School of Computing Faculty,-1,https://lhr.nu.edu.pk/media/Faculty/54_-_Dr._Farooq_Ahmed_Asst._Prof.__HoD_SE.JPG,https://lhr.nu.edu.pk/fsc/facultyProfile/4677
15,6562,Dr. Hajra Waheed,Assistant Professor,0,hajra.waheed@nu.edu.pk,FAST School of Computing Faculty,-1,https://lhr.nu.edu.pk/media/Faculty/48_-_Dr._Hajra_Waheed_Asst_Prof_AI-DS.JPG,https://lhr.nu.edu.pk/fsc/facultyProfile/6562
16,9539,Dr. Haroon Mahmood,Assistant Professor,1,haroon.mahmood@nu.edu.pk,FAST School of Computing Faculty,-1,https://lhr.nu.edu.pk/media/Faculty/08_-_Dr._Haroon_Mahmood_Asst_Prof_CS.JPG,https://lhr.nu.edu.pk/fsc/facultyProfile/9539
17,6273,Dr. Iqra Safder,Assistant Professor,0,iqra.safder@nu.edu.pk,FAST School of Computing Faculty,-1,https://lhr.nu.edu.pk/media/Faculty/13_-_Dr._Iqra_Safdar_Asst_Prof_CS.JPG,https://lhr.nu.edu.pk/fsc/facultyProfile/6273
18,9540,Dr. Maryam Bashir,Assistant Professor,1,maryam.bashir@nu.edu.pk,FAST School of Computing Faculty,-1,https://lhr.nu.edu.pk/media/Faculty/45_-_Dr._Maryam_Bashir_Asst_Prof_AIDS.JPG,https://lhr.nu.edu.pk/fsc/facultyProfile/9540
19,5114,Dr. Mirza Mubasher Baig,Assistant Professor,1,mubasher.baig@nu.edu.pk,FAST School of Computing Faculty,-1,https://lhr.nu.edu.pk/media/Faculty/46-_Dr._Mirza_Mubasher_Baig_Asst._Prof._AI-DS.JPG,https://lhr.nu.edu.pk/fsc/facultyProfile/5114
20,6302,Dr. Syed Mohammad Irteza,Assistant Professor,1,m.Irteza@nu.edu.pk,FAST School of Computing Faculty,-1,https://lhr.nu.edu.pk/media/Faculty/6302_5wrK2JS.png,https://lhr.nu.edu.pk/fsc/facultyProfile/6302
21,6255,Dr. Tahir Ejaz,Assistant Professor,0,tahir.ejaz@nu.edu.pk,FAST School of Computing Faculty,-1,https://lhr.nu.edu.pk/media/Faculty/12_-_Dr._Tahir_Ejaz_Asst_Prof_CS.JPG,https://lhr.nu.edu.pk/fsc/facultyProfile/6255
22,6048,Dr. Zeeshan Ali Khan,Assistant Professor,1,zeeshanali.khan@nu.edu.pk,FAST School of Computing Faculty,-1,https://lhr.nu.edu.pk/media/Faculty/10_-_Dr._Zeeshan_Ali_Khan_Asst_Prof_CS.JPG,https://lhr.nu.edu.pk/fsc/facultyProfile/6048
23,5466,Dr. Zeeshan Ali Rana,Assistant Professor,1,zeeshan.rana@nu.edu.pk,FAST School of Computing Faculty,-1,https://lhr.nu.edu.pk/media/Faculty/56_-_Dr._Zeeshan_Ali_Rana_Asst_Prof_SE.JPG,https://lhr.nu.edu.pk/fsc/facultyProfile/5466
24,5116,Dr. Aatira Anum,Lecturer,0,aatira.anum@nu.edu.pk,FAST School of Computing Faculty,-1,https://lhr.nu.edu.pk/media/Faculty/Aatira_Anum.jpg,https://lhr.nu.edu.pk/fsc/facultyProfile/5116
25,3720,Mr. Aamir Raheem,Assistant Professor,0,aamir.raheem@nu.edu.pk,FAST School of Computing Faculty,-1,https://lhr.nu.edu.pk/media/Faculty/18-_Aamir_Raheem_Asst._Prof._CS.JPG,https://lhr.nu.edu.pk/fsc/facultyProfile/3720
26,5054,Ms. Abeeda Akram,Assistant Professor,0,abeeda.akram@nu.edu.pk,FAST School of Computing Faculty,-1,https://lhr.nu.edu.pk/media/Faculty/22-_Abeeda_Akram_Asst._Prof._CS.JPG,https://lhr.nu.edu.pk/fsc/facultyProfile/5054
27,4015,Mr. Ishaq Raza,Assistant Professor,0,ishaq.raza@nu.edu.pk,FAST School of Computing Faculty,-1,https://lhr.nu.edu.pk/media/Faculty/17_-_Ishaq_Raza_Asst_Prof_CS.JPG,https://lhr.nu.edu.pk/fsc/facultyProfile/4015
28,4507,Ms. Lehmia Kiran,Assistant Professor,0,lehmia.kiran@nu.edu.pk,FAST School of Computing Faculty,-1,https://lhr.nu.edu.pk/media/Faculty/027_Lehmia_Kiran_AP_CS-removebg-preview.png,https://lhr.nu.edu.pk/fsc/facultyProfile/4507
29,4236,Mr. Muhammad Ahmad Raza,Assistant Professor,0,muhammad.ahmadraza@nu.edu.pk,FAST School of Computing Faculty,-1,https://lhr.nu.edu.pk/media/Faculty/4236_DlE9anc.jpg,https://lhr.nu.edu.pk/fsc/facultyProfile/4236
30,5221,Ms. Noshaba Nasir,Assistant Professor,0,noshaba.nasir@nu.edu.pk,FAST School of Computing Faculty,-1,https://lhr.nu.edu.pk/media/Faculty/028_Noshaba_Nasir_AP_CS-removebg-preview_1.png,https://lhr.nu.edu.pk/fsc/facultyProfile/5221
31,5254,Mr. Omer Ali,Assistant Professor,0,ali.omer@nu.edu.pk,FAST School of Computing Faculty,-1,https://lhr.nu.edu.pk/media/Faculty/5254_bXX2QKF.jpg,https://lhr.nu.edu.pk/fsc/facultyProfile/5254
32,5115,Ms. Samin Iftikhar,Assistant Professor,0,samin.iftikhar@nu.edu.pk,FAST School of Computing Faculty,-1,https://lhr.nu.edu.pk/media/Faculty/images.jpeg-5-removebg-preview.png,https://lhr.nu.edu.pk/fsc/facultyProfile/5115
33,4232,Ms. Sobia Tariq Javed,Assistant Professor,0,sobia.tariq@nu.edu.pk,FAST School of Computing Faculty,-1,https://lhr.nu.edu.pk/media/Faculty/21_-_Sobia_Tariq_Javed_Asst_Prof_CS.JPG,https://lhr.nu.edu.pk/fsc/facultyProfile/4232
34,6175,Ms. Tahreem Yasir,Assistant Professor,0,tahreem.yasir@nu.edu.pk,FAST School of Computing Faculty,-1,https://lhr.nu.edu.pk/media/Faculty/6175-removebg-preview-removebg-preview.png,https://lhr.nu.edu.pk/fsc/facultyProfile/6175
35,5230,Mr. Waqas Manzoor,Assistant Professor,0,waqas.manzoor@nu.edu.pk,FAST School of Computing Faculty,-1,https://lhr.nu.edu.pk/media/Faculty/20_-_Waqas_Manzoor_Asst_Prof_CS.JPG,https://lhr.nu.edu.pk/fsc/facultyProfile/5230
36,6172,Ms. Aleena Ahmad,Lecturer,0,aleena.ahmad@nu.edu.pk,FAST School of Computing Faculty,-1,https://lhr.nu.edu.pk/media/Faculty/28_-_Aleena_Ahmad_Lecturer_CS_eicLpEA.JPG,https://lhr.nu.edu.pk/fsc/facultyProfile/6172
37,6311,Ms. Anosha Khan,Lecturer,0,anosha.khan@nu.edu.pk,FAST School of Computing Faculty,-1,https://lhr.nu.edu.pk/media/Faculty/60-_Anosha_Khan_Lecturer_SE.JPG,https://lhr.nu.edu.pk/fsc/facultyProfile/6311
38,6305,Ms. Arooj Khalil,Lecturer,0,arooj.khalil@nu.edu.pk,FAST School of Computing Faculty,-1,https://lhr.nu.edu.pk/media/Faculty/59-_Arooj_Khalil_Lecturer_SE.JPG,https://lhr.nu.edu.pk/fsc/facultyProfile/6305
39,6723,Ms. Asbah Khalid,Lecturer,0,asbah.khalid@lhr.nu.edu.pk,FAST School of Computing Faculty,-1,https://lhr.nu.edu.pk/media/Faculty/6723.jpg,https://lhr.nu.edu.pk/fsc/facultyProfile/6723
40,6553,Mr. Danyal Farhat,Lecturer,0,danyal.farhat@nu.edu.pk,FAST School of Computing Faculty,-1,https://lhr.nu.edu.pk/media/Faculty/6553.jpg,https://lhr.nu.edu.pk/fsc/facultyProfile/6553
41,6274,Mr. Fraz Yousaf,Lecturer,0,fraz.yousaf@nu.edu.pk,FAST School of Computing Faculty,-1,https://lhr.nu.edu.pk/media/Faculty/61_-_Fraz_Yousaf_Lecturer_SE.JPG,https://lhr.nu.edu.pk/fsc/facultyProfile/6274
42,6308,Mr. Hafiz Muhammad Usama Hassan Alvi,Lecturer,0,usama.hassan@nu.edu.pk,FAST School of Computing Faculty,-1,https://lhr.nu.edu.pk/media/Faculty/24_-_Usama_Hassan_Alvi_Lecturer_CS.JPG,https://lhr.nu.edu.pk/fsc/facultyProfile/6308
43,6306,Ms. Hafsa Tariq Javed,Lecturer,0,hafsa.tariq@nu.edu.pk,FAST School of Computing Faculty,-1,https://lhr.nu.edu.pk/media/Faculty/04-Hafsa_Tariq_Javed-removebg-preview-removebg-preview.png,https://lhr.nu.edu.pk/fsc/facultyProfile/6306
44,6307,Mr. Hamad Ul Qudous,Lecturer,0,hamad.ulqudous@nu.edu.pk,FAST School of Computing Faculty,-1,https://lhr.nu.edu.pk/media/Faculty/51-_Hamad_Ul_Qudous_Lecturer_AI-DS.JPG,https://lhr.nu.edu.pk/fsc/facultyProfile/6307
45,6551,Ms. Hina Iqbal,Lecturer,0,hina.iqbal@nu.edu.pk,FAST School of Computing Faculty,-1,https://lhr.nu.edu.pk/media/Faculty/54-_Hina_Iqbal_Lecturer_SE.JPG,https://lhr.nu.edu.pk/fsc/facultyProfile/6551
46,6419,Ms. Hira Butt,Lecturer,0,hira.butt@nu.edu.pk,FAST School of Computing Faculty,-1,https://lhr.nu.edu.pk/media/Faculty/37_-_Hira_Butt_Jun._Lecturer_CS_lxWdszd.JPG,https://lhr.nu.edu.pk/fsc/facultyProfile/6419
47,6304,Ms. Hira Ilyas,Lecturer,0,hira.ilyas@nu.edu.pk,FAST School of Computing Faculty,-1,https://lhr.nu.edu.pk/media/Faculty/6304-removebg-preview-removebg-preview.png,https://lhr.nu.edu.pk/fsc/facultyProfile/6304
48,6588,Mr. M. Saif Ul Islam,Lecturer,0,muhammad.saif@nu.edu.pk,FAST School of Computing Faculty,-1,https://lhr.nu.edu.pk/media/Faculty/31-_M._Saif_Ul_Islam_Lecturer_CS.JPG,https://lhr.nu.edu.pk/fsc/facultyProfile/6588
49,6277,Ms. Maham Naeem,Lecturer,0,maham.naeem@nu.edu.pk,FAST School of Computing Faculty,-1,https://lhr.nu.edu.pk/media/Faculty/6277.jpg,https://lhr.nu.edu.pk/fsc/facultyProfile/6277
50,6549,Ms. Mamoona Majid,Lecturer,0,mamoona.majid@nu.edu.pk,FAST School of Computing Faculty,-1,https://lhr.nu.edu.pk/media/Faculty/65_-_Mamoona_Majid_Lecturer_SE.JPG,https://lhr.nu.edu.pk/fsc/facultyProfile/6549
51,6560,Ms. Mehroze Khan,Lecturer,0,mehroze.khan@nu.edu.pk,FAST School of Computing Faculty,-1,https://lhr.nu.edu.pk/media/Faculty/66_-_Mehroze_Khan_Lecturer_SE.JPG,https://lhr.nu.edu.pk/fsc/facultyProfile/6560
52,6295,Ms. Momna Zaneb,Lecturer,0,momna.zaneb@nu.edu.pk,FAST School of Computing Faculty,-1,https://lhr.nu.edu.pk/media/Faculty/58_-_Momna_Zaneb_Lect_SE.jpg,https://lhr.nu.edu.pk/fsc/facultyProfile/6295
53,6415,Mr. Mubashar Hussain,Lecturer,0,mubashar.hussain@nu.edu.pk,FAST School of Computing Faculty,-1,https://lhr.nu.edu.pk/media/Faculty/30_-_Mubashar_HussaIn_Lecturer_CS.jpg,https://lhr.nu.edu.pk/fsc/facultyProfile/6415
54,6114,Mr. Muhammad Naveed,Lecturer,0,muhammad.naveed@nu.edu.pk,FAST School of Computing Faculty,-1,https://lhr.nu.edu.pk/media/Faculty/27_-_Muhammad_Naveed_Lecturer_CS.JPG,https://lhr.nu.edu.pk/fsc/facultyProfile/6114
55,6662,Mr. Muhammad Zeeshan Nazar,Lecturer,0,zeeshan.nazar@nu.edu.pk,FAST School of Computing Faculty,-1,https://lhr.nu.edu.pk/media/Faculty/6662.png,https://lhr.nu.edu.pk/fsc/facultyProfile/6662
56,6554,Ms. Namra Absar,Lecturer,0,namra.absar@nu.edu.pk,FAST School of Computing Faculty,-1,https://lhr.nu.edu.pk/media/Faculty/6554.jpg,https://lhr.nu.edu.pk/fsc/facultyProfile/6554
57,5967,Mr. Razi-uddin,Lecturer,0,razi.uddin@nu.edu.pk,FAST School of Computing Faculty,-1,https://lhr.nu.edu.pk/media/Faculty/57_-_Razi_Uddin_Lecturer_SE.JPG,https://lhr.nu.edu.pk/fsc/facultyProfile/5967
58,6552,Ms. Rubab Anam Janjua,Lecturer,0,rubab.anam@nu.edu.pk,FAST School of Computing Faculty,-1,https://lhr.nu.edu.pk/media/Faculty/6552.jpg,https://lhr.nu.edu.pk/fsc/facultyProfile/6552
59,6268,Mr. Saifullah Tanvir,Lecturer,0,saifullah.tanvir@nu.edu.pk,FAST School of Computing Faculty,-1,https://lhr.nu.edu.pk/media/Faculty/26_-_Saifullah_Tanvir_Lecturer_CS.jpg,https://lhr.nu.edu.pk/fsc/facultyProfile/6268
60,6171,Ms. Sana Fatima,Lecturer,0,sana.fatima@nu.edu.pk,FAST School of Computing Faculty,-1,https://lhr.nu.edu.pk/media/Faculty/49-_Sana_Fatima_Lecturer_AI-DS.JPG,https://lhr.nu.edu.pk/fsc/facultyProfile/6171
61,6309,Mr. Syed Uzair Hussain Naqvi,Lecturer,0,uzair.naqvi@nu.edu.pk,FAST School of Computing Faculty,-1,https://lhr.nu.edu.pk/media/Faculty/25_-_Syed_Uzair_Hussain_Lecturer_CS.JPG,https://lhr.nu.edu.pk/fsc/facultyProfile/6309
62,6254,Ms. Syeda Tayyaba Bukhari,Lecturer,0,tayyaba.bukhari@nu.edu.pk,FAST School of Computing Faculty,-1,https://lhr.nu.edu.pk/media/Faculty/50_-_Syeda_Tayyaba_Bukhari_Lecturer_AIDS.JPG,https://lhr.nu.edu.pk/fsc/facultyProfile/6254
63,6066,Ms. Tazeem Haider,Lecturer,0,tazeem.haider@nu.edu.pk,FAST School of Computing Faculty,-1,https://lhr.nu.edu.pk/media/Faculty/52-_Tazeem_Haider_Lecturer_AI-DS_WyQbhRR.JPG,https://lhr.nu.edu.pk/fsc/facultyProfile/6066
64,6559,Ms. Umm E Ammarah,Lecturer,0,umme.ammarah@nu.edu.pk,FAST School of Computing Faculty,-1,https://lhr.nu.edu.pk/media/Faculty/53-_Umm_e_Ammarah_Lecturer_AI-DS.JPG,https://lhr.nu.edu.pk/fsc/facultyProfile/6559
65,6422,Mr. Junaid Hussain Muzammal,Instructor,0,junaid.hussain@nu.edu.pk,FAST School of Computing Faculty,-1,https://lhr.nu.edu.pk/media/Faculty/Junaid_Hussain_Muzammal.jpg,https://lhr.nu.edu.pk/fsc/facultyProfile/6422
66,6144,Mr. Muhammad Mazarib,Instructor,0,muhammad.mazarib@nu.edu.pk,FAST School of Computing Faculty,-1,https://lhr.nu.edu.pk/media/Faculty/43_-_Muhammad_Mazarib_Instructor_CS.png,https://lhr.nu.edu.pk/fsc/facultyProfile/6144
67,6722,Mr. Muhammad Usman Anwer,Instructor,0,usman.anwer@lhr.nu.edu.pk,FAST School of Computing Faculty,-1,https://lhr.nu.edu.pk/media/Faculty/6722.png,https://lhr.nu.edu.pk/fsc/facultyProfile/6722
68,6719,Ms. Seemab Ayub,Instructor,0,seemab.ayub@nu.edu.pk,FAST School of Computing Faculty,-1,https://lhr.nu.edu.pk/media/Faculty/6719.jpg,https://lhr.nu.edu.pk/fsc/facultyProfile/6719
69,6417,Mr. Sohaib Ahmad,Instructor,0,sohaib.ahmad@nu.edu.pk,FAST School of Computing Faculty,-1,https://lhr.nu.edu.pk/media/Faculty/Sohaib_Ahmad.jpg,https://lhr.nu.edu.pk/fsc/facultyProfile/6417
70,6718,Ms. Sukhan Amir,Instructor,0,sukhan.amir@nu.edu.pk,FAST School of Computing Faculty,-1,https://lhr.nu.edu.pk/media/Faculty/6718.png,https://lhr.nu.edu.pk/fsc/facultyProfile/6718
71,6568,Ms. Syeda Zehra Batool,Instructor,0,zehra.batool@nu.edu.pk,FAST School of Computing Faculty,-1,https://lhr.nu.edu.pk/media/Faculty/6568.jpg,https://lhr.nu.edu.pk/fsc/facultyProfile/6568
72,6663,Ms. Zoha Waheed,Instructor,0,zoha.waheed@nu.edu.pk,FAST School of Computing Faculty,-1,https://lhr.nu.edu.pk/media/Faculty/6663.png,https://lhr.nu.edu.pk/fsc/facultyProfile/6663
73,6253,Ms. Mamoona Akbar Khan,Junior Lecturer,0,mamoona.akbar@nu.edu.pk,FAST School of Computing Faculty,-1,https://lhr.nu.edu.pk/media/Faculty/38-_Mamoona_Akbar_Jun._Lecturer_CS.JPG,https://lhr.nu.edu.pk/fsc/facultyProfile/6253
74,6176,Mr. Nauman Moazzam Hayat,Adj. Faculty,0,nauman.moazzam@nu.edu.pk,FAST School of Computing Faculty,-1,https://lhr.nu.edu.pk/media/Faculty/23_-_Nauman_Moazzam_Hayat_Ad._Faculty_CS.jpg,https://lhr.nu.edu.pk/fsc/facultyProfile/6176
75,5986,Mr. Salman Shoaib,Junior Lecturer,0,salman.shoaib@nu.edu.pk,FAST School of Computing Faculty,-1,https://lhr.nu.edu.pk/media/Faculty/40_-_Salman_Shoaib_Instructor_CS.JPG,https://lhr.nu.edu.pk/fsc/facultyProfile/5986
76,6558,Ms. Samman Ashraf,Junior Lecturer,0,samman.ashraf@nu.edu.pk,FAST School of Computing Faculty,-1,https://lhr.nu.edu.pk/media/Faculty/39-_Samman_Ashraf_Jun._Lect._CS.JPG,https://lhr.nu.edu.pk/fsc/facultyProfile/6558
77,4198,Dr. Saima Zafar,Professor & HOD,1,saima.zafar@nu.edu.pk,FAST School of Computing Faculty,-1,https://lhr.nu.edu.pk/media/Faculty/73_-_Dr._Saima_Zafar.JPG,https://lhr.nu.edu.pk/ee/facultyProfile/4198
78,4108,Dr. S.M. Sajid,Professor,1,sm.sajid@nu.edu.pk,FAST School of Computing Faculty,-1,https://lhr.nu.edu.pk/media/Faculty/92_-_Dr._S.M._Sajid_Professor_EE.JPG,https://lhr.nu.edu.pk/ee/facultyProfile/4108
79,5421,Dr. Syed Aun Abbas,Professor,0,aun.abbas@nu.edu.pk,FAST School of Computing Faculty,-1,https://lhr.nu.edu.pk/media/Faculty/93_-_Dr._Aun_Abbas_Professor_EE.JPG,https://lhr.nu.edu.pk/ee/facultyProfile/5421
80,4980,Dr. Mohsin Kamal,Associate Professor,1,mohsin.kamal@nu.edu.pk,FAST School of Computing Faculty,-1,https://lhr.nu.edu.pk/media/Faculty/96_-_Dr._Mohsin_Kamal_Asst_Prof_EE.JPG,https://lhr.nu.edu.pk/ee/facultyProfile/4980
81,6414,Dr. Jabran Khan,Assistant Professor,0,jabran.khan@nu.edu.pk,FAST School of Computing Faculty,-1,https://lhr.nu.edu.pk/media/Faculty/Dr._Jabran_Khan.png,https://lhr.nu.edu.pk/ee/facultyProfile/6414
82,9452,Dr. Kashif Saeed,Assistant Professor,0,kashif.saeed@nu.edu.pk,FAST School of Computing Faculty,-1,https://lhr.nu.edu.pk/media/Faculty/94_-_Dr._Kashif_Saeed_Asst_Prof._EE.JPG,https://lhr.nu.edu.pk/ee/facultyProfile/9452
83,4609,Dr. Omer Saleem,Assistant Professor,1,omer.saleem@nu.edu.pk,FAST School of Computing Faculty,-1,https://lhr.nu.edu.pk/media/Faculty/95_-_Dr._Omer_Saleem_Asst_Prof_EE.JPG,https://lhr.nu.edu.pk/ee/facultyProfile/4609
84,4023,Mr. Abdul Majid,Assistant Professor,0,abdul.majid@nu.edu.pk,FAST School of Computing Faculty,-1,https://lhr.nu.edu.pk/media/Faculty/98_-_Abdul_Majid_Asst_Prof_EE.JPG,https://lhr.nu.edu.pk/ee/facultyProfile/4023
85,4233,Ms. Beenish Fatima,Assistant Professor,0,beenish.fatima@nu.edu.pk,FAST School of Computing Faculty,-1,https://lhr.nu.edu.pk/media/Faculty/102_-_Beenish_Fatima_Asst_Prof_EE.JPG,https://lhr.nu.edu.pk/ee/facultyProfile/4233
86,4234,Ms. Bushra Rashid,Assistant Professor,0,bushra.rashid@nu.edu.pk,FAST School of Computing Faculty,-1,https://lhr.nu.edu.pk/media/Faculty/104-_Bushra_Rashid_Asst._Prof._EE.JPG,https://lhr.nu.edu.pk/ee/facultyProfile/4234
87,3669,Mr. Haris Mujtaba,Assistant Professor,0,haris.kazmi@nu.edu.pk,FAST School of Computing Faculty,-1,https://lhr.nu.edu.pk/media/Faculty/103_-_Syed_Haris_Mujtaba_Asst_Prof_EE.JPG,https://lhr.nu.edu.pk/ee/facultyProfile/3669
88,3455,Mr. Kamran Jamal,Assistant Professor,0,kamran.jamal@nu.edu.pk,FAST School of Computing Faculty,-1,https://lhr.nu.edu.pk/media/Faculty/97_-_Kamran_Jamal_Asst_Prof_EE.JPG,https://lhr.nu.edu.pk/ee/facultyProfile/3455
89,4239,Ms. Maimoona Akram,Assistant Professor,0,maimoona.akram@nu.edu.pk,FAST School of Computing Faculty,-1,https://lhr.nu.edu.pk/media/Faculty/105-_Maimoona_Akram_Asst._Prof._EE.JPG,https://lhr.nu.edu.pk/ee/facultyProfile/4239
90,3461,Mr. Mohsin Yousaf,Assistant Professor,0,mohsin.yousuf@nu.edu.pk,FAST School of Computing Faculty,-1,https://lhr.nu.edu.pk/media/Faculty/100_-_Mohsin_Yousaf_Asst_Prof_EE.JPG,https://lhr.nu.edu.pk/ee/facultyProfile/3461
91,4484,Ms. Shazia Haque,Assistant Professor,0,shazia.haque@nu.edu.pk,FAST School of Computing Faculty,-1,https://lhr.nu.edu.pk/media/Faculty/99_-_Shazia_Haque_Asst_Prof_EE_KlhDgvG.JPG,https://lhr.nu.edu.pk/ee/facultyProfile/4484
92,3778,Ms. Tamania Javed,Assistant Professor,0,tamania.javaid@nu.edu.pk,FAST School of Computing Faculty,-1,https://lhr.nu.edu.pk/media/Faculty/101_-_Tamania_Javaid_Asst_Prof_EE.JPG,https://lhr.nu.edu.pk/ee/facultyProfile/3778
93,4394,Ms. Tooba Javed,Assistant Professor,0,tooba.javed@nu.edu.pk,FAST School of Computing Faculty,-1,https://lhr.nu.edu.pk/media/Faculty/4394.jpg,https://lhr.nu.edu.pk/ee/facultyProfile/4394
94,3779,Ms. Akbare Yaqub,Lecturer,0,akbari.yaqoob@nu.edu.pk,FAST School of Computing Faculty,-1,https://lhr.nu.edu.pk/media/Faculty/106_-_Akbare_Yaqub_Lecturer_EE.JPG,https://lhr.nu.edu.pk/ee/facultyProfile/3779
95,5218,Ms. Aroosa Umair,Lecturer,0,aroosa.umair@nu.edu.pk,FAST School of Computing Faculty,-1,https://lhr.nu.edu.pk/media/Faculty/109_-_Aroosa_Umair_Lecturer_EE.JPG,https://lhr.nu.edu.pk/ee/facultyProfile/5218
96,5708,Mr. Hamza Yousaf,Lecturer,0,hamza.yousuf@nu.edu.pk,FAST School of Computing Faculty,-1,https://lhr.nu.edu.pk/media/Faculty/112_-_Hamza_Yousuf_Lab_Engg_EE.JPG,https://lhr.nu.edu.pk/ee/facultyProfile/5708
97,4938,Ms. Samia Mahmood,Lecturer,0,samia.mahmood@nu.edu.pk,FAST School of Computing Faculty,-1,https://lhr.nu.edu.pk/media/Faculty/107_-_Samia_Mahmood_Lecturer_EE.JPG,https://lhr.nu.edu.pk/ee/facultyProfile/4938
98,4809,Ms. Sara Kiran,Lecturer,0,sara.kiran@nu.edu.pk,FAST School of Computing Faculty,-1,https://lhr.nu.edu.pk/media/Faculty/108-_Sara_Kiran_Lectuer_EE.JPG,https://lhr.nu.edu.pk/ee/facultyProfile/4809
99,5231,Mr. Syed Muhammad Ismail,Lecturer,0,muhammad.ismail@nu.edu.pk,FAST School of Computing Faculty,-1,https://lhr.nu.edu.pk/media/Faculty/110-_Syed_M._Ismail_Lecturer_EE.JPG,https://lhr.nu.edu.pk/ee/facultyProfile/5231
100,6557,Mr. Umer Altaf,Lecturer,0,umer.altaf@nu.edu.pk,FAST School of Computing Faculty,-1,https://lhr.nu.edu.pk/media/Faculty/111_-_Umer_Altaf_Lecturer_EE.JPG,https://lhr.nu.edu.pk/ee/facultyProfile/6557
101,6665,Ms. Eisha Khan,Lab Engineer,0,eisha.khan@nu.edu.pk,FAST School of Computing Faculty,-1,https://lhr.nu.edu.pk/media/Faculty/6665.png,https://lhr.nu.edu.pk/ee/facultyProfile/6665
102,9451,Dr. Shahid Ali,Professor & HOD,1,shahid.ali@nu.edu.pk,FAST School of Computing Faculty,-1,https://lhr.nu.edu.pk/media/Faculty/69_-_Dr._Shahid_Ali_Prof__HoD_CvL.JPG,https://lhr.nu.edu.pk/cv/facultyProfile/9451
103,5705,Dr. Syed Ali Rizwan Bukhari,Professor,1,syed.ali@nu.edu.pk,FAST School of Computing Faculty,-1,https://lhr.nu.edu.pk/media/Faculty/70_-_Dr._Syed_Ali_Rizwan_Professor_CvL.JPG,https://lhr.nu.edu.pk/cv/facultyProfile/5705
104,5344,Dr. Javaid Ahmad,Associate Professor,1,Javaid.ahmad@nu.edu.pk,FAST School of Computing Faculty,-1,https://lhr.nu.edu.pk/media/Faculty/5344-removebg-preview.jpg,https://lhr.nu.edu.pk/cv/facultyProfile/5344
105,6275,Dr. Waseem Mirza,Associate Professor,0,waseem.mirza@nu.edu.pk,FAST School of Computing Faculty,-1,https://lhr.nu.edu.pk/media/Faculty/09-Dr._M._Waseem_Mirza-removebg-preview.jpg,https://lhr.nu.edu.pk/cv/facultyProfile/6275
106,6132,Dr. Muhammad Abdullah,Assistant Professor,1,abdullah.rana@nu.edu.pk,FAST School of Computing Faculty,-1,https://lhr.nu.edu.pk/media/Faculty/73-_Dr._M._Abdullah_Asst._Prof._CvL.JPG,https://lhr.nu.edu.pk/cv/facultyProfile/6132
107,6047,Dr. Muhammad Umar,Assistant Professor,1,m.umar@nu.edu.pk,FAST School of Computing Faculty,-1,https://lhr.nu.edu.pk/media/Faculty/72_-_Dr._Muhammad_Umar_Asst_Prof_CvL.JPG,https://lhr.nu.edu.pk/cv/facultyProfile/6047
108,5818,Dr. Tauqir Ahmed,Assistant Professor,1,tauqir.ahmed@nu.edu.pk,FAST School of Computing Faculty,-1,https://lhr.nu.edu.pk/media/Faculty/71_-_Dr._Tauqir_Ahmed_Asst_Prof_CvL.JPG,https://lhr.nu.edu.pk/cv/facultyProfile/5818
109,9513,Mr. Ali Raza Khalid,Assistant Professor,0,aliraza.khalid@nu.edu.pk,FAST School of Computing Faculty,-1,https://lhr.nu.edu.pk/media/Faculty/76_-_Ali_Raza_Khalid_Asst_Prof_CvL.JPG,https://lhr.nu.edu.pk/cv/facultyProfile/9513
110,4828,Mr. Irfan Khalid,Assistant Professor,0,irfan.khalid@nu.edu.pk,FAST School of Computing Faculty,-1,https://lhr.nu.edu.pk/media/Faculty/77_-_Irfan_Khalid_Asst_Prof_CvL.JPG,https://lhr.nu.edu.pk/cv/facultyProfile/4828
111,4592,Ms. Sarah Asif,Assistant Professor,0,sarah.asif@nu.edu.pk,FAST School of Computing Faculty,-1,https://lhr.nu.edu.pk/media/Faculty/74-_Sarah_Asif_Asst._Prof._CvL.JPG,https://lhr.nu.edu.pk/cv/facultyProfile/4592
112,5360,Mr. Umar Khan Niazi,Assistant Professor,0,umar.niazi@nu.edu.pk,FAST School of Computing Faculty,-1,https://lhr.nu.edu.pk/media/Faculty/75_-_Muhammad_Umar_Khan_Niazi_Asst_Prof_CvL.JPG,https://lhr.nu.edu.pk/cv/facultyProfile/5360
113,4300,Mr. Asim Iqbal,Lecturer,0,asim.iqbal@nu.edu.pk,FAST School of Computing Faculty,-1,https://lhr.nu.edu.pk/media/Faculty/82_-_Asim_Iqbal_Lecturer_CvL.JPG,https://lhr.nu.edu.pk/cv/facultyProfile/4300
114,5553,Mr. Fahad Haseeb,Lecturer,0,fahad.haseeb@nu.edu.pk,FAST School of Computing Faculty,-1,https://lhr.nu.edu.pk/media/Faculty/81_-_Fahad_Haseeb_Lecturer_CvL.JPG,https://lhr.nu.edu.pk/cv/facultyProfile/5553
115,9419,Mr. Irfan Ali,Lecturer,0,irfan.ali@nu.edu.pk,FAST School of Computing Faculty,-1,https://lhr.nu.edu.pk/media/Faculty/83_-_Irfan_Ali_Lecturer_CvL.JPG,https://lhr.nu.edu.pk/cv/facultyProfile/9419
116,6703,Mr. Mubashir Islam,Lecturer,0,mubashir.islam@nu.edu.pk,FAST School of Computing Faculty,-1,https://lhr.nu.edu.pk/media/Faculty/6703.png,https://lhr.nu.edu.pk/cv/facultyProfile/6703
117,5370,Mr. Shoaib Ameer,Lecturer,0,shoaib.ameer@nu.edu.pk,FAST School of Computing Faculty,-1,https://lhr.nu.edu.pk/media/Faculty/80_-_Shoaib_Ameer_Lecturer_CvL.JPG,https://lhr.nu.edu.pk/cv/facultyProfile/5370
118,5084,Mr. Waqas Ajmal,Lecturer,0,waqas.ajmal@nu.edu.pk,FAST School of Computing Faculty,-1,https://lhr.nu.edu.pk/media/Faculty/79_-_Waqas_Ajmal_Lecturer_CvL_Nj4c7eP.JPG,https://lhr.nu.edu.pk/cv/facultyProfile/5084
119,6041,Mr. Anns Tahir,Lab Engineer,0,anns.tahir@nu.edu.pk,FAST School of Computing Faculty,-1,https://lhr.nu.edu.pk/media/Faculty/84_-_Anns_Tahir_Lab_Engineer_CvL.JPG,https://lhr.nu.edu.pk/cv/facultyProfile/6041
120,6569,Mr. Hamza Ali,Lab Engineer,0,hamza.ali@nu.edu.pk,FAST School of Computing Faculty,-1,https://lhr.nu.edu.pk/media/Faculty/86_-_Hamza_Ali_Lab_Engineer_CvL.JPG,https://lhr.nu.edu.pk/cv/facultyProfile/6569
121,6571,Ms. Maham Akram,Lab Engineer,0,maham.akram@nu.edu.pk,FAST School of Computing Faculty,-1,https://lhr.nu.edu.pk/media/Faculty/90_-_Maham_Akram_Lab_Engineer_CvL.png,https://lhr.nu.edu.pk/cv/facultyProfile/6571
122,6573,Ms. Mahnoor,Lab Engineer,0,mahnoor.akram@nu.edu.pk,FAST School of Computing Faculty,-1,https://lhr.nu.edu.pk/media/Faculty/88_-_Mahnoor_Lab_Engineer_CvL.png,https://lhr.nu.edu.pk/cv/facultyProfile/6573
123,6572,Ms. Malieka Batool,Lab Engineer,0,malieka.batool@nu.edu.pk,FAST School of Computing Faculty,-1,https://lhr.nu.edu.pk/media/Faculty/IMG_5796-removebg-preview_Uykf2b6.png,https://lhr.nu.edu.pk/cv/facultyProfile/6572
124,6294,Ms. Muzna Anam,Lab Engineer,0,muzna.anam@nu.edu.pk,FAST School of Computing Faculty,-1,https://lhr.nu.edu.pk/media/Faculty/85_-_Muzna_Anam_Lab_Engineer_CvL.JPG,https://lhr.nu.edu.pk/cv/facultyProfile/6294
125,6570,Mr. Syed M Muneeb,Lab Engineer,0,m.muneeb@nu.edu.pk,FAST School of Computing Faculty,-1,https://lhr.nu.edu.pk/media/Faculty/87_-_Syed_M._Muneeb_Lab_Engineer_CvL.JPG,https://lhr.nu.edu.pk/cv/facultyProfile/6570
126,3924,Dr. Hamid Hassan,Professor & HOD,1,hamid.hassan@nu.edu.pk,FAST School of Computing Faculty,-1,https://lhr.nu.edu.pk/media/Faculty/114_-_Dr._Hamid_Hassan_Prof.__HoD_MG.JPG,https://lhr.nu.edu.pk/fsm/facultyProfile/3924
127,4685,Dr. Akbar Azam,Associate Professor,1,akbar.azam@nu.edu.pk,FAST School of Computing Faculty,-1,https://lhr.nu.edu.pk/media/Faculty/115_-_Dr._Akbar_Azam_Assoc_Prof_MG.png,https://lhr.nu.edu.pk/fsm/facultyProfile/4685
128,5014,Dr. Ammar Javed,Assistant Professor,0,ammar.javed@nu.edu.pk,FAST School of Computing Faculty,-1,https://lhr.nu.edu.pk/media/Faculty/119-_Dr._Ammar_Javed_Asst._Prof._MG.JPG,https://lhr.nu.edu.pk/fsm/facultyProfile/5014
129,6563,Dr. Amna Farrukh,Assistant Professor,0,amna.farrukh@nu.edu.pk,FAST School of Computing Faculty,-1,https://lhr.nu.edu.pk/media/Faculty/121_-_Dr._Amna_Farrukh_Asst_Prof_MG.JPG,https://lhr.nu.edu.pk/fsm/facultyProfile/6563
130,5816,Dr. Asif Saeed,Assistant Professor,1,asif.saeed@nu.edu.pk,FAST School of Computing Faculty,-1,https://lhr.nu.edu.pk/media/Faculty/asif_saeed_MTtNOqS-removebg-preview.jpg,https://lhr.nu.edu.pk/fsm/facultyProfile/5816
131,5712,Dr. Brig Mujahid Hussain,Adjunct Assistant Professor,1,mujahid.hussain@nu.edu.pk,FAST School of Computing Faculty,-1,https://lhr.nu.edu.pk/media/Faculty/123_-_Dr._Mujahid_Hussain_Asst_Prof._MG.JPG,https://lhr.nu.edu.pk/fsm/facultyProfile/5712
132,4629,Dr. Fatima Omer,Assistant Professor,0,fatima.omer@nu.edu.pk,FAST School of Computing Faculty,-1,https://lhr.nu.edu.pk/media/Faculty/118_-_Fatima_Omer_Asst_Prof_MG.JPG,https://lhr.nu.edu.pk/fsm/facultyProfile/4629
133,6561,Dr. Komal Kamran,Assistant Professor,0,komal.kamran@nu.edu.pk,FAST School of Computing Faculty,-1,https://lhr.nu.edu.pk/media/Faculty/122_-_Dr._Komal_Kamran_Asst_Prof_MG.JPG,https://lhr.nu.edu.pk/fsm/facultyProfile/6561
134,5423,Dr. Mian Muhammad Atif,Assistant Professor,1,mian.atif @nu.edu.pk,FAST School of Computing Faculty,-1,https://lhr.nu.edu.pk/media/Faculty/116_-_Dr._Mian_M._Atif_Asst._Prof._MG.JPG,https://lhr.nu.edu.pk/fsm/facultyProfile/5423
135,6426,Dr. Umer Iqbal,Assistant Professor,1,umer.iqbal@nu.edu.pk,FAST School of Computing Faculty,-1,https://lhr.nu.edu.pk/media/Faculty/120_-_Dr._Umer_Iqbal_Asst_Prof_MG_nr59AV5.JPG,https://lhr.nu.edu.pk/fsm/facultyProfile/6426
136,9495,Dr. Zia Khan,Assistant Professor,1,zia.khan@nu.edu.pk,FAST School of Computing Faculty,-1,https://lhr.nu.edu.pk/media/Faculty/117-_Dr._Zia_Ullah_Khan_Asst._Prof._MG.JPG,https://lhr.nu.edu.pk/fsm/facultyProfile/9495
137,4483,Mr. Aamer Allauddin,Assistant Professor,0,allauddin@gmail.com,FAST School of Computing Faculty,-1,https://lhr.nu.edu.pk/media/Faculty/124_-_Aamer_Allauddin_Asst_Prof_MG.JPG,https://lhr.nu.edu.pk/fsm/facultyProfile/4483
138,4647,Mr. Shakeel Ahmad,Assistant Professor,0,shakeel.ahmad@nu.edu.pk,FAST School of Computing Faculty,-1,https://lhr.nu.edu.pk/media/Faculty/126_-_Shakeel_Ahmad_Asst_Prof_MG.JPG,https://lhr.nu.edu.pk/fsm/facultyProfile/4647
139,6720,Ms. Amina Tabassum,Lecturer,0,amina.tabassum@nu.edu.pk,FAST School of Computing Faculty,-1,https://lhr.nu.edu.pk/media/Faculty/6720.png,https://lhr.nu.edu.pk/fsm/facultyProfile/6720
140,5517,Ms. Aroosa Safdar,Lecturer,0,aroosa.safdar@nu.edu.pk,FAST School of Computing Faculty,-1,https://lhr.nu.edu.pk/media/Faculty/131-_Aroosa_Safdar_Lecturer_MG.JPG,https://lhr.nu.edu.pk/fsm/facultyProfile/5517
141,6383,Ms. Ayesha Arshad,Lecturer,0,ayesha.arshad@nu.edu.pk,FAST School of Computing Faculty,-1,https://lhr.nu.edu.pk/media/Faculty/132_-_Ayesha_Arshad_Lecturer_MG.JPG,https://lhr.nu.edu.pk/fsm/facultyProfile/6383
142,5227,Ms. Beenish Arshad,Lecturer,0,beenish.arshad@nu.edu.pk,FAST School of Computing Faculty,-1,https://lhr.nu.edu.pk/media/Faculty/128-_Beenish_Arshad_Lecturer_MG.JPG,https://lhr.nu.edu.pk/fsm/facultyProfile/5227
143,5518,Ms. Fatima Habib,Lecturer,0,fatima.habib@nu.edu.pk,FAST School of Computing Faculty,-1,https://lhr.nu.edu.pk/media/Faculty/127_-_Fatima_Habib_Lecturer_MG.JPG,https://lhr.nu.edu.pk/fsm/facultyProfile/5518
144,5713,Mr. Salmaan Khalil Rahman,Adjunct Lecturer,0,salmaan.rahman@nu.edu.pk,FAST School of Computing Faculty,-1,https://lhr.nu.edu.pk/media/Faculty/133-_Salmaan_Khalil_Rehman_Adj._Faculty_MG.JPG,https://lhr.nu.edu.pk/fsm/facultyProfile/5713
145,6303,Ms. Sundas Munir,Lecturer,0,sundas.munir@nu.edu.pk,FAST School of Computing Faculty,-1,https://lhr.nu.edu.pk/media/Faculty/130-_Sundas_Munir_Lecturer_MG.JPG,https://lhr.nu.edu.pk/fsm/facultyProfile/6303
146,6115,Ms. Ghulam Fatima,Instructor,0,ghulam.fatima@nu.edu.pk,FAST School of Computing Faculty,-1,https://lhr.nu.edu.pk/media/Faculty/134-_Ghulam_Fatima_Instructor_MG.JPG,https://lhr.nu.edu.pk/fsm/facultyProfile/6115
147,6709,Ms. Iman Ilyas,Instructor,0,iman.ilyas@nu.edu.pk,FAST School of Computing Faculty,-1,https://lhr.nu.edu.pk/media/Faculty/6709.png,https://lhr.nu.edu.pk/fsm/facultyProfile/6709
148,6565,Ms. Irma Tariq,Instructor,0,irma.tariq@nu.edu.pk,FAST School of Computing Faculty,-1,https://lhr.nu.edu.pk/media/Faculty/136_-_Irma_Tariq_Instructor_MG.jpg,https://lhr.nu.edu.pk/fsm/facultyProfile/6565
149,6664,Ms. Khadija Aslam,Instructor,0,khadija.aslam@nu.edu.pk,FAST School of Computing Faculty,-1,https://lhr.nu.edu.pk/media/Faculty/6664.png,https://lhr.nu.edu.pk/fsm/facultyProfile/6664
150,6566,Ms. Noor Zahid,Instructor,0,noor.zahid@nu.edu.pk,FAST School of Computing Faculty,-1,https://lhr.nu.edu.pk/media/Faculty/135-_Noor_Zahid_Instructor_MG.JPG,https://lhr.nu.edu.pk/fsm/facultyProfile/6566
151,4584,Dr. Farasat Shamir,Associate Professor & HOD,1,farasat.shamir@nu.edu.pk,FAST School of Computing Faculty,-1,https://lhr.nu.edu.pk/media/Faculty/137_-_Dr._Farasat_Shamir_Assoc._Prof_Math__HoD_SH.JPG,https://lhr.nu.edu.pk/ss/facultyProfile/4584
152,4018,Dr. Summaira Sarfraz,Professor,1,sumaira.sarfraz@nu.edu.pk,FAST School of Computing Faculty,-1,https://lhr.nu.edu.pk/media/Faculty/138_-_Dr._Summaira_Sarfraz_Prof_Eng.jpg,https://lhr.nu.edu.pk/ss/facultyProfile/4018
153,4020,Dr. Akhlaq Ahmad Bhatti,Professor,1,akhlaq.ahmad@nu.edu.pk,FAST School of Computing Faculty,-1,https://lhr.nu.edu.pk/media/Faculty/139_-_Dr._Akhlaq_Ahmad_Bhatti_Professor_Math.JPG,https://lhr.nu.edu.pk/ss/facultyProfile/4020
154,3712,Dr. Mazhar Hussain,Professor,1,mazhar.hussain@nu.edu.pk,FAST School of Computing Faculty,-1,https://lhr.nu.edu.pk/media/Faculty/140_-_Dr._Mazhar_Hussain_Prof_SH.JPG,https://lhr.nu.edu.pk/ss/facultyProfile/3712
155,4332,Dr. Mubashir Qayyum,Professor,1,mubashir.qayyum@nu.edu.pk,FAST School of Computing Faculty,-1,https://lhr.nu.edu.pk/media/Faculty/142_-_Dr._Mubashir_Qayyum_Prof_Math.JPG,https://lhr.nu.edu.pk/ss/facultyProfile/4332
156,4250,Dr. Saman Shahid,Professor,1,saman.shahid@nu.edu.pk,FAST School of Computing Faculty,-1,https://lhr.nu.edu.pk/media/Faculty/WhatsApp_Image_2023-06-19_at_09.52.55.jpg,https://lhr.nu.edu.pk/ss/facultyProfile/4250
157,1250,Dr. Saeeda Zia,Associate Professor,1,saeeda.zia@nu.edu.pk,FAST School of Computing Faculty,-1,https://lhr.nu.edu.pk/media/Faculty/143_-_Dr._Saeeda_Zia_Assoc_Prof_Math.JPG,https://lhr.nu.edu.pk/ss/facultyProfile/1250
158,9172,Dr. Hira Iqbal,Assistant Professor,1,hira.iqbal@nu.edu.pk,FAST School of Computing Faculty,-1,https://lhr.nu.edu.pk/media/Faculty/9172.jpg,https://lhr.nu.edu.pk/ss/facultyProfile/9172
159,5437,Dr. Muhammad Tahir Rashid,Assistant Professor,0,tahir.rashid@nu.edu.pk,FAST School of Computing Faculty,-1,https://lhr.nu.edu.pk/media/Faculty/146_-_Dr._Tahir_Rashid_Asst_Prof_SH.JPG,https://lhr.nu.edu.pk/ss/facultyProfile/5437
160,9173,Dr. Tayyaba Naz,Assistant Professor,1,tayyaba.naz@nu.edu.pk,FAST School of Computing Faculty,-1,https://lhr.nu.edu.pk/media/Faculty/145_-_Dr._Tayyaba_Naz_Asst_Prof_SH.JPG,https://lhr.nu.edu.pk/ss/facultyProfile/9173
161,6112,Dr. Waleed Shehzad,Assistant Professor,1,waleed.shehzad@nu.edu.pk,FAST School of Computing Faculty,-1,https://lhr.nu.edu.pk/media/Faculty/Dr._Waleed_Shehzad_Asst._Professor_-_Eng-removebg-preview.jpg,https://lhr.nu.edu.pk/ss/facultyProfile/6112
162,4243,Dr. Zahida Mansoor,Assistant Professor,1,zahida.mansoor@nu.edu.pk,FAST School of Computing Faculty,-1,https://lhr.nu.edu.pk/media/Faculty/144_-_Dr._Zahida_Mansoor_Asst_Professor_SH.JPG,https://lhr.nu.edu.pk/ss/facultyProfile/4243
163,4244,Ms. Hajira Ikram Butt,Assistant Professor,0,hajra.ikram@nu.edu.pk,FAST School of Computing Faculty,-1,https://lhr.nu.edu.pk/media/Faculty/149_-_Hajra_Ikram_Butt_Asst_Prof_English.JPG,https://lhr.nu.edu.pk/ss/facultyProfile/4244
164,4608,Ms. Hina Firdous,Assistant Professor,0,hina.firdous@nu.edu.pk,FAST School of Computing Faculty,-1,https://lhr.nu.edu.pk/media/Faculty/150-_Hina_Firdous_Asst._Prof._SH.JPG,https://lhr.nu.edu.pk/ss/facultyProfile/4608
165,4242,Ms. Raheela Tariq,Assistant Professor,0,raheela.tariq@nu.edu.pk,FAST School of Computing Faculty,-1,https://lhr.nu.edu.pk/media/Faculty/147-_Raheela_Tariq_Asst._Prof._SH.JPG,https://lhr.nu.edu.pk/ss/facultyProfile/4242
166,4245,Mr. Zulfiqar Ali,Assistant Professor,0,ali.zulfiqar@nu.edu.pk,FAST School of Computing Faculty,-1,https://lhr.nu.edu.pk/media/Faculty/148-_Zulfiqar_Ali_Asst._Prof._SH.JPG,https://lhr.nu.edu.pk/ss/facultyProfile/4245
167,5438,Mr. Abdul Sattar,Lecturer,0,abdul.sattar@nu.edu.pk,FAST School of Computing Faculty,-1,https://lhr.nu.edu.pk/media/Faculty/155_-_Abdul_Sattar_Lecturer_SH.JPG,https://lhr.nu.edu.pk/ss/facultyProfile/5438
168,5622,Ms. Aisha Bano,Lecturer,0,aisha.bano@nu.edu.pk,FAST School of Computing Faculty,-1,https://lhr.nu.edu.pk/media/Faculty/164_-_Aisha_Bano_Lecturer_SH.jpg,https://lhr.nu.edu.pk/ss/facultyProfile/5622
169,5203,Ms. Ayesha Saeed,Lecturer,0,ayesha.saeed@nu.edu.pk,FAST School of Computing Faculty,-1,https://lhr.nu.edu.pk/media/Faculty/154_-_Ayesha_Saeed_Lecturer_SH.JPG,https://lhr.nu.edu.pk/ss/facultyProfile/5203
170,4397,Mr. Hafiz Hamza Janjua,Lecturer,0,hamza.janjua@nu.edu.pk,FAST School of Computing Faculty,-1,https://lhr.nu.edu.pk/media/Faculty/151_-_Hafiz_M._Hamza_Janjua_Lecturer_SH.JPG,https://lhr.nu.edu.pk/ss/facultyProfile/4397
171,6179,Ms. Iqra Rafiq,Lecturer,0,iqra.rafiq@nu.edu.pk,FAST School of Computing Faculty,-1,https://lhr.nu.edu.pk/media/Faculty/6179.png,https://lhr.nu.edu.pk/ss/facultyProfile/6179
172,6421,Ms. Kanwal Saleem,Lecturer,0,kanwal.saleem@nu.edu.pk,FAST School of Computing Faculty,-1,https://lhr.nu.edu.pk/media/Faculty/160_-_Kanwal_Saleem_Lecturer_Stats.JPG,https://lhr.nu.edu.pk/ss/facultyProfile/6421
173,6365,Mr. Muhammad Yaseen,Lecturer,0,m.yaseen@nu.edu.pk,FAST School of Computing Faculty,-1,https://lhr.nu.edu.pk/media/Faculty/159_-_Muhammad_Yaseen_Lecturer_Math.JPG,https://lhr.nu.edu.pk/ss/facultyProfile/6365
174,6178,Ms. Namra Fazal,Lecturer,0,namra.fazal@nu.edu.pk,FAST School of Computing Faculty,-1,https://lhr.nu.edu.pk/media/Faculty/157-_Namra_Fazal_Lecturer_English.JPG,https://lhr.nu.edu.pk/ss/facultyProfile/6178
175,5795,Mr. Razm-ul-Zafar,Lecturer,0,razm.zafar@nu.edu.pk,FAST School of Computing Faculty,-1,https://lhr.nu.edu.pk/media/Faculty/156_-_Razm_Ul_Zafar_Lecturer_English.JPG,https://lhr.nu.edu.pk/ss/facultyProfile/5795
176,5337,Ms. Sarah Ahmad,Lecturer,0,Sarah.ahmad@nu.edu.pk,FAST School of Computing Faculty,-1,https://lhr.nu.edu.pk/media/Faculty/153_-_Sarah_Ahmad_Lecturer_SH.JPG,https://lhr.nu.edu.pk/ss/facultyProfile/5337
177,6363,Mr. Tasaduque Hussain Shah,Lecturer,0,tasduque.hussain@nu.edu.pk,FAST School of Computing Faculty,-1,https://lhr.nu.edu.pk/media/Faculty/158_-_Tasaduque_Hussain_Shah_Lecturer_Math.JPG,https://lhr.nu.edu.pk/ss/facultyProfile/6363
178,6567,Ms. Mahnoor Chaudhry,Instructor,0,mahnoor.chaudhary@nu.edu.pk,FAST School of Computing Faculty,-1,https://lhr.nu.edu.pk/media/Faculty/166-_Mahnoor_Chaudhry_Instructor_English.JPG,https://lhr.nu.edu.pk/ss/facultyProfile/6567
179,6420,Ms. Nokhaiz Zahra,Instructor,0,nokhaiz.zahra@nu.edu.pk,FAST School of Computing Faculty,-1,https://lhr.nu.edu.pk/media/Faculty/165_-_Nokhaiz_Zahra_Instructor_Eng.JPG,https://lhr.nu.edu.pk/ss/facultyProfile/6420
180,6181,Ms. Rida Ahmed,Instructor,0,rida.ahmed@nu.edu.pk,FAST School of Computing Faculty,-1,https://lhr.nu.edu.pk/media/Faculty/6181-removebg-preview.jpg,https://lhr.nu.edu.pk/ss/facultyProfile/6181
181,6555,Ms. Aqsa Naz,Lecturer (English),0,aqsa.naz@nu.edu.pk,FAST School of Computing Faculty,-1,https://lhr.nu.edu.pk/media/Faculty/161_-_Aqsa_Naz_Lecturer_Eng.JPG,https://lhr.nu.edu.pk/ss/facultyProfile/6555
182,-1,Mr. Hafiz Umair Gulzar,Lecturer (Islamiat),0,umair.gulzar@nu.edu.pk,FAST School of Computing Faculty,-1,https://lhr.nu.edu.pk/media/Faculty/163_-_Hafiz_Umair_Gulzar_Lecturer_SH.JPG,"https://lhr.nu.edu.pk/ss/facultyProfile/BBA,%20NUCES"
183,6548,Ms. Rubab Arshad,Lecturer (English),0,rubab.arshad@nu.edu.pk,FAST School of Computing Faculty,-1,https://lhr.nu.edu.pk/media/Faculty/162_-_Rubab_Arshad_Lecturer_English.JPG,https://lhr.nu.edu.pk/ss/facultyProfile/6548
0,-1,Prof. Dr. Zulfiqar Ali Memon ,Professor and HoS,-1,zulfiqar.memon@nu.edu.pk,Department of Computer Science,214,https://khi.nu.edu.pk/wp-content/uploads/2023/01/Dr-Zulfiqar-Ali-Memon-HOS-FSC-226x300.png,https://khi.nu.edu.pk/personnel/prof-dr-zulfiqar-ali-memon-phd/
1,-1,Dr. Farooque Hassan Kumbhar ,Associate Professor and  HOD,-1,farooque.hassan@nu.edu.pk,Department of Computer Science,161,https://khi.nu.edu.pk/wp-content/uploads/2023/02/Dr.-Farooque-Hassan-Kumbhar-Associate-Professor-HOD-CS-240x300.jpg,https://khi.nu.edu.pk/personnel/dr-farooque-hassan-kumbhar-phd/
2,-1,Dr. Jawwad A. Shamsi,Professor & Dean,-1,jawwad.shamsi@nu.edu.pk,Department of Computer Science,218,https://khi.nu.edu.pk/wp-content/uploads/2023/01/Dr.-Jawwad-A-Shamsi-Professor-226x300.png,https://khi.nu.edu.pk/personnel/dr-jawwad-a-shamsi-phd/
3,-1,Dr. Muhammad Atif Tahir,Professor and Director,-1,atif.tahir@nu.edu.pk,Department of Computer Science,213,https://khi.nu.edu.pk/wp-content/uploads/2023/01/Prof.-Dr.-Muhammad-Atif-Tahir-300x300.png,https://khi.nu.edu.pk/personnel/dr-muhammad-atif-tahir-phd/
4,-1,Dr. Ghufran Ahmed,Professor,-1,ghufran.ahmed@nu.edu.pk,Department of Computer Science,233,https://khi.nu.edu.pk/wp-content/uploads/2023/02/Dr.-Ghufran-Ahmed-Associate-Professor-226x300.jpg,https://khi.nu.edu.pk/personnel/dr-ghufran-ahmed-phd/
5,-1,Dr. Nadeem Kafi,Assistant Professor,-1,Assistant Professor,Department of Computer Science,131,https://khi.nu.edu.pk/wp-content/uploads/2023/02/Dr.-Nadeem-Kafi-Khan-Assistant-Professor-1-233x300.jpg,https://khi.nu.edu.pk/personnel/dr-nadeem-kafi-phd/
6,-1,Dr. Nouman Durrani,Assistant Professor,-1,muhammad.nouman@nu.edu.pk,Department of Computer Science,133,https://khi.nu.edu.pk/wp-content/uploads/2023/02/Dr.-M-Nouman-Durrani-Assistant-Professor-226x300.jpg,https://khi.nu.edu.pk/personnel/dr-nouman-durrani-phd/
7,-1,Dr. Fahad Sherwani ,Assistant Professor,-1,fahad.sherwani@nu.edu.pk,Department of Computer Science,219,https://khi.nu.edu.pk/wp-content/uploads/2023/03/Mr.-Fahad-Sherwani-Assistant-Professor-226x300.jpg,https://khi.nu.edu.pk/personnel/dr-fahad-sherwani-phd/
8,-1,Dr. Farrukh Hasan Syed ,Assistant Professor,-1,farrukh.hasan@nu.edu.pk,Department of Computer Science,132,https://khi.nu.edu.pk/wp-content/uploads/2023/05/Dr.-Farrukh-Hassan-Syed-Assistant-Professor-226x300.jpg,https://khi.nu.edu.pk/personnel/dr-farrukh-hasan-syed-phd/
9,-1,Dr. Farrukh Salim Shaikh,Assistant Professor,-1,farrukh.salim@nu.edu.pk,Department of Computer Science,167,https://khi.nu.edu.pk/wp-content/uploads/2023/05/Dr-Farrukh-Salim-Shaikh-Assistant-Professor-CS-226x300.jpg,https://khi.nu.edu.pk/personnel/dr-farrukh-salim-shaikh-phd/
10,-1,Dr. Muhammad Farrukh Shahid ,Assistant Professor,-1,mfarrukh.shahid@nu.edu.pk,Department of Computer Science,163,https://khi.nu.edu.pk/wp-content/uploads/2023/05/Dr.-Muhammad-Farrukh-Shahid-Assistant-Professor--226x300.jpg,https://khi.nu.edu.pk/personnel/dr-muhammad-farrukh-shahid-phd/
11,-1,Dr. Nausheen Shoaib ,Assistant Professor,-1,nausheen.shoaib@nu.edu.pk,Department of Computer Science,280,https://khi.nu.edu.pk/wp-content/uploads/2023/06/Dr-Nausheen-Shoaib-Assistant-Professor-226x300.jpg,https://khi.nu.edu.pk/personnel/dr-nausheen-shoaib-phd/
12,-1,Mr. Muhammad JamilAssistant Professorm.jamil@nu.edu.pk 245More Detail,Assistant Professor,-1,m.jamil@nu.edu.pk ,Department of Computer Science,245,https://khi.nu.edu.pk/wp-content/uploads/2023/06/Mr-Jamil-Usmani-Assistant-Professor-CS-226x300.jpg,https://khi.nu.edu.pk/personnel/mr-muhammad-jamil/
13,-1,Mr. Muhammad ShahzadAssistant Professormshahzad@nu.edu.pk237More Detail,Assistant Professor,-1,mshahzad@nu.edu.pk,Department of Computer Science,237,https://khi.nu.edu.pk/wp-content/uploads/2023/06/Mr.-MUhammad-Shahzad-Assistant-Professor--240x300.jpg,https://khi.nu.edu.pk/personnel/mr-muhammad-shahzad/
14,-1,Mr. Syed Kashan Hussain NaqviAssistant Professorkashan.hussain@nu.edu.pk283More Detail,Assistant Professor,-1,kashan.hussain@nu.edu.pk,Department of Computer Science,283,https://khi.nu.edu.pk/wp-content/uploads/2023/06/Mr-Syed-Kashan-Hussain-Naqvi-Assistant-Professor-CS-226x300.jpg,https://khi.nu.edu.pk/personnel/mr-shahbaz-siddiqui/
15,-1,Ms. Rabia TabassumAssistant Professorrabia.tabassum@nu.edu.pk235More Detail,Assistant Professor,-1,rabia.tabassum@nu.edu.pk,Department of Computer Science,235,https://khi.nu.edu.pk/wp-content/uploads/2023/06/Ms-Rabia-Tabassum-Assistant-Professor-CS-226x300.jpg,https://khi.nu.edu.pk/personnel/dr-nausheen-shoaib/
16,-1,Dr. Rauf Ahmed Shams MalickAssociate Professor & GSC Coordinatorrauf.malick@nu.edu.pk140More Detail,Associate Professor & GSC Coordinator,-1,rauf.malick@nu.edu.pk,Department of Computer Science,140,https://khi.nu.edu.pk/wp-content/uploads/2023/06/Dr.-Rauf-Ahmed-Shams-Malik-Assistant-Professor--240x300.jpg,https://khi.nu.edu.pk/personnel/dr-rauf-ahmed-shams-malick/
17,-1,Mr. Ubaid AftabAssistant Professor (Adjunct)ubaid.aftab@nu.edu.pk225More Detail,Assistant Professor (Adjunct),-1,ubaid.aftab@nu.edu.pk,Department of Computer Science,225,https://khi.nu.edu.pk/wp-content/uploads/2023/06/Mr.-Ubaid-Aftab-Chawla-Adjunct-Assistant-Professor--240x300.jpg,https://khi.nu.edu.pk/personnel/mr-ubaid-aftab/
18,-1,Mr. Aashir MahboobLectureraashir.mahboob@nu.edu.pk113More Detail,Lecturer,-1,aashir.mahboob@nu.edu.pk,Department of Computer Science,113,https://khi.nu.edu.pk/wp-content/uploads/2023/06/Mr-Aashir-Mahboob-Lecturer-226x300.jpg,https://khi.nu.edu.pk/personnel/mr-shahbaz-siddiqui-2/
19,-1,Ms. Abeeha SattarLecturerabeeha.sattar@nu.edu.pk160More Detail,Lecturer,-1,abeeha.sattar@nu.edu.pk,Department of Computer Science,160,https://khi.nu.edu.pk/wp-content/uploads/2023/06/Ms-Abeeha-Sattar-Lecturer-CS-226x300.jpg,https://khi.nu.edu.pk/personnel/ms-abeeha-sattar/
20,-1,Ms. Anam QureshiLectureranam.qureshi@nu.edu.pk231More Detail,Lecturer,-1,anam.qureshi@nu.edu.pk,Department of Computer Science,231,https://khi.nu.edu.pk/wp-content/uploads/2023/06/Ms-Anam-Qureshi-Lecturer-CS-226x300.jpg,https://khi.nu.edu.pk/personnel/ms-anam-qureshi/
21,-1,Ms. Anaum HamidLectureranaum.hamid@nu.edu.pk237More Detail,Lecturer,-1,anaum.hamid@nu.edu.pk,Department of Computer Science,237,https://khi.nu.edu.pk/wp-content/uploads/2023/06/Anaum-Hamid-Lecturer-226x300.jpg,https://khi.nu.edu.pk/personnel/ms-anaum-hamid/
22,-1,Ms. Aqsa ZahidLectureraqsa.zahid@nu.edu.pk293More Detail,Lecturer,-1,aqsa.zahid@nu.edu.pk,Department of Computer Science,293,https://khi.nu.edu.pk/wp-content/uploads/2023/06/Ms-Aqsa-Zahid-Lecturer-CS-226x300.jpg,https://khi.nu.edu.pk/personnel/ms-aqsa-zahid/
23,-1,Ms. BakhtawerLecturerbakhtawar.abbasi@nu.edu.pk136More Detail,Lecturer,-1,bakhtawar.abbasi@nu.edu.pk,Department of Computer Science,136,https://khi.nu.edu.pk/wp-content/uploads/2023/06/Ms-Bakhtawer-Lecturer-CS-226x300.jpg,https://khi.nu.edu.pk/personnel/ms-bakhtawer/
24,-1,Mr. Basit AliLecturerbasit.jasani@nu.edu.pk130More Detail,Lecturer,-1,basit.jasani@nu.edu.pk,Department of Computer Science,130,https://khi.nu.edu.pk/wp-content/uploads/2023/06/Mr-Basit-Ali-Lecturer-CS-226x300.jpg,https://khi.nu.edu.pk/personnel/mr-basit-ali/
25,-1,Ms. Eman ShahidLecturereman.shahid@nu.edu.pk178More Detail,Lecturer,-1,eman.shahid@nu.edu.pk,Department of Computer Science,178,https://khi.nu.edu.pk/wp-content/uploads/2023/06/Ms-Eman-Shahid-Lecturer-CS-226x300.jpg,https://khi.nu.edu.pk/personnel/ms-eman-shahid/
26,-1,Mr. Fahad HussainLecturerfahad.hussain@nu.edu.pk136More Detail,Lecturer,-1,fahad.hussain@nu.edu.pk,Department of Computer Science,136,https://khi.nu.edu.pk/wp-content/uploads/2023/06/Fahad-Hussain-Lecturer-CS--226x300.jpg,https://khi.nu.edu.pk/personnel/mr-fahad-hussain/
27,-1,Mr. Faisal AhmedLecturerfaisal.ahmed@nu.edu.pk170More Detail,Lecturer,-1,faisal.ahmed@nu.edu.pk,Department of Computer Science,170,https://khi.nu.edu.pk/wp-content/uploads/2023/06/Fazsal-Ahmed-Lecturer-CS-226x300.jpg,https://khi.nu.edu.pk/personnel/mr-faisal-ahmed/
28,-1,Ms. Hajra AhmedLecturerhajra.ahmed@nu.edu.pk142More Detail,Lecturer,-1,hajra.ahmed@nu.edu.pk,Department of Computer Science,142,https://khi.nu.edu.pk/wp-content/uploads/2023/06/Ms-Hajra-Ahmed-Lecturer-CS-226x300.jpg,https://khi.nu.edu.pk/personnel/ms-hajra-ahmed/
29,-1,Ms. Javeria FarooqLecturerjaveria.farooq@nu.edu.pk220More Detail,Lecturer,-1,javeria.farooq@nu.edu.pk,Department of Computer Science,220,https://khi.nu.edu.pk/wp-content/uploads/2023/06/Ms.-Javeria-Farooq-Lecturer--240x300.jpg,https://khi.nu.edu.pk/personnel/ms-javeria-farooq/
30,-1,Ms. Mafaza MohiLecturermafaza.mohi@nu.edu.pk293More Detail,Lecturer,-1,mafaza.mohi@nu.edu.pk,Department of Computer Science,293,https://khi.nu.edu.pk/wp-content/uploads/2023/06/Ms.-Mafaza-Mohi-Lecturer-CS-1-226x300.jpg,https://khi.nu.edu.pk/personnel/ms-mafaza-mohi/
31,-1,Ms. Mubashra FayyazLecturermubashra.fayyaz@nu.edu.pk172More Detail,Lecturer,-1,mubashra.fayyaz@nu.edu.pk,Department of Computer Science,172,https://khi.nu.edu.pk/wp-content/uploads/2023/06/Ms-Mubashra-Fayyaz-Lecturer-CS-226x300.jpg,https://khi.nu.edu.pk/personnel/ms-mubashra-fayyaz/
32,-1,Mr. Muhammad Danish KhanLecturerm.danish@nu.edu.pk244More Detail,Lecturer,-1,m.danish@nu.edu.pk,Department of Computer Science,244,https://khi.nu.edu.pk/wp-content/uploads/2023/06/Mr-Danish-Khan-Lecturer-CS-226x300.jpg,https://khi.nu.edu.pk/personnel/mr-muhammad-danish-khan/
33,-1,Ms. Nida MunawarLecturernida.munawwar@nu.edu.pk136More Detail,Lecturer,-1,nida.munawwar@nu.edu.pk,Department of Computer Science,136,https://khi.nu.edu.pk/wp-content/uploads/2023/06/Ms-Nida-Munawar-Lecturer-CS-226x300.jpg,https://khi.nu.edu.pk/personnel/ms-nida-munawar/
34,-1,Ms. Noureen FatimaLecturernida.munawwar@nu.edu.pk160More Detail,Lecturer,-1,nida.munawwar@nu.edu.pk,Department of Computer Science,160,https://khi.nu.edu.pk/wp-content/uploads/2023/06/Ms-Noureen-Fatima-Lecturer-CS-226x300.jpg,https://khi.nu.edu.pk/personnel/ms-noureen-fatima/
35,-1,Ms. SafiaLecturersafia@nu.edu.pk266More Detail,Lecturer,-1,safia@nu.edu.pk,Department of Computer Science,266,https://khi.nu.edu.pk/wp-content/uploads/2023/06/Ms-Safia-Baloch-Lecturer-CS-226x300.jpg,https://khi.nu.edu.pk/personnel/ms-safia/
36,-1,Ms. Shahar Bano HusnineLecturershahar.bano@nu.edu.pk220More Detail,Lecturer,-1,shahar.bano@nu.edu.pk,Department of Computer Science,220,https://khi.nu.edu.pk/wp-content/uploads/2023/06/Ms-Shaharbano-Lecturer-CS-226x300.jpg,https://khi.nu.edu.pk/personnel/ms-shahar-bano-husnine/
37,-1,Mr. Shahroz BakhtLecturershahroz.bakht@nu.edu.pk136More Detail,Lecturer,-1,shahroz.bakht@nu.edu.pk,Department of Computer Science,136,https://khi.nu.edu.pk/wp-content/uploads/2023/06/Shahroz-Bakht-Lecturer-CS--226x300.jpg,https://khi.nu.edu.pk/personnel/mr-shahroz-bakht/
38,-1,Mr. Shoaib RaufLecturershoaib.rauf@nu.edu.pk258More Detail,Lecturer,-1,shoaib.rauf@nu.edu.pk,Department of Computer Science,258,https://khi.nu.edu.pk/wp-content/uploads/2023/06/Mr-Shoaib-Rauf-Lecturer-CS-226x300.jpg,https://khi.nu.edu.pk/personnel/mr-shoaib-rauf/
39,-1,Ms. Sobia IftikharLecturersobia.iftikhar@nu.edu.pk237More Detail,Lecturer,-1,sobia.iftikhar@nu.edu.pk,Department of Computer Science,237,https://khi.nu.edu.pk/wp-content/uploads/2023/06/Ms-Sobia-Iftikhar-Lecturer-CS-226x300.jpg,https://khi.nu.edu.pk/personnel/ms-sobia-iftikhar/
40,-1,Ms. SumaiyahLecturersumaiyah@nu.edu.pk266More Detail,Lecturer,-1,sumaiyah@nu.edu.pk,Department of Computer Science,266,https://khi.nu.edu.pk/wp-content/uploads/2023/06/Ms-Sumaiyah-Zahid-Lecturer-CS-226x300.jpg,https://khi.nu.edu.pk/personnel/ms-sumaiyah/
41,-1,Mr. Syed Zain Ul HassanLecturerzain.hassan@nu.edu.pk197More Detail,Lecturer,-1,zain.hassan@nu.edu.pk,Department of Computer Science,197,https://khi.nu.edu.pk/wp-content/uploads/2023/06/Mr.-Syed-Zain-Ul-Hassan-Lecturer-233x300.jpg,https://khi.nu.edu.pk/personnel/mr-syed-zain-ul-hassan/
42,-1,Ms. Yusra KaleemLectureryusra.kaleem@nu.edu.pk280More Detail,Lecturer,-1,yusra.kaleem@nu.edu.pk,Department of Computer Science,280,https://khi.nu.edu.pk/wp-content/uploads/2023/06/Ms-Yusra-Kaleem-Lecturer-CS-226x300.jpg,https://khi.nu.edu.pk/personnel/ms-yusra-kaleem/
43,-1,Ms. Ayesha AliLecturerayesha.ali@nu.edu.pk293More Detail,Lecturer,-1,ayesha.ali@nu.edu.pk,Department of Computer Science,293,https://khi.nu.edu.pk/wp-content/uploads/2023/06/Ayesha-Alii-Instructor-CS--226x300.jpg,https://khi.nu.edu.pk/personnel/ms-ayesha-ali-2/
44,-1,Mr. Muhammad MonisInstructormuhammad.monis@nu.edu.pk284More Detail,Instructor,-1,muhammad.monis@nu.edu.pk,Department of Computer Science,284,https://khi.nu.edu.pk/wp-content/uploads/2023/06/Muhammad-Monis-Instructor-CS-226x300.jpg,https://khi.nu.edu.pk/personnel/mr-muhammad-monis/
45,-1,Mr. Shafique RahmanInstructorshafique.rehman@nu.edu.pk284More Detail,Instructor,-1,shafique.rehman@nu.edu.pk,Department of Computer Science,284,https://khi.nu.edu.pk/wp-content/uploads/2023/06/Mr.-Shafique-Rehman-Instructor-CS-226x300.jpg,https://khi.nu.edu.pk/personnel/mr-shafique-rahman/
46,-1,Mr. Shaheer Ahmad KhanInstructorshaheer.khan@nu.edu.pk284More Detail,Instructor,-1,shaheer.khan@nu.edu.pk,Department of Computer Science,284,https://khi.nu.edu.pk/wp-content/uploads/2023/06/Mr.-Shaheer-Ahmad-Khan-Instructor-CS-226x300.jpg,https://khi.nu.edu.pk/personnel/mr-shaheer-ahmad-khan/
47,-1,Mr. Shakir HussainInstructorshakir.hussain@nu.edu.pk284More Detail,Instructor,-1,shakir.hussain@nu.edu.pk,Department of Computer Science,284,https://khi.nu.edu.pk/wp-content/uploads/2023/06/Shakir-Hussain-Instructor-CS--226x300.jpg,https://khi.nu.edu.pk/personnel/mr-shakir-hussain/
48,-1,Mr. Taha AhmedInstructortaha.ahmed@nu.edu.pk284More Detail,Instructor,-1,taha.ahmed@nu.edu.pk,Department of Computer Science,284,https://khi.nu.edu.pk/wp-content/uploads/2023/06/Taha-Ahmed-Instructor-226x300.jpg,https://khi.nu.edu.pk/personnel/mr-taha-ahmed/
49,-1,Mr. Yasir ArfatInstructoryasir.arfat@nu.edu.pk284More Detail,Instructor,-1,yasir.arfat@nu.edu.pk,Department of Computer Science,284,https://khi.nu.edu.pk/wp-content/uploads/2023/06/Yasir-Arfat-Instructor-226x300.jpg,https://khi.nu.edu.pk/personnel/mr-yasir-arfat/
50,-1,Ms. Zainab Asif JawedInstructorzainab.asif@nu.edu.pk293More Detail,Instructor,-1,zainab.asif@nu.edu.pk,Department of Computer Science,293,https://khi.nu.edu.pk/wp-content/uploads/2023/06/Zainab-Asif-Jawed-Instructor-CS--226x300.jpg,https://khi.nu.edu.pk/personnel/ms-zainab-asif-jawed/
51,-1,Dr. Nasir UddinAssistant Professornasir.uddin@nu.edu.pk126More Detail,Assistant Professor,-1,nasir.uddin@nu.edu.pk,Department of Computer Science,126,N/A,https://khi.nu.edu.pk/personnel/dr-nasir-uddin/
0,4553,Waseem Shahzad,Director & Professor,-1,waseem.shahzad@nu.edu.pk,Computing,-1,http://isb.nu.edu.pk/Faculty/allfaculty//Images/Profile/CS/4553.jpg,http://isb.nu.edu.pk/Faculty/allfaculty//Faculty/Details/4553
1,3629,Kashif Munir,"Head, School of Computing & Professor",-1,kashif.munir@nu.edu.pk,Computing,-1,http://isb.nu.edu.pk/Faculty/allfaculty//Images/Profile/CS/36292021-01-21_23.28.18.jpg,http://isb.nu.edu.pk/Faculty/allfaculty//Faculty/Details/3629
2,4400,Hammad Majeed,HoD (Computer Science) & Professor,-1,hammad.majeed@nu.edu.pk,Computing,-1,http://isb.nu.edu.pk/Faculty/allfaculty//Images/Profile/CS/4400.jpg,http://isb.nu.edu.pk/Faculty/allfaculty//Faculty/Details/4400
3,5099,Muhammad Asim,HoD (Cyber Security) & Professor,-1,muhammad.asim@nu.edu.pk,Computing,-1,http://isb.nu.edu.pk/Faculty/allfaculty//Images/Profile/CS/5099.jpg,http://isb.nu.edu.pk/Faculty/allfaculty//Faculty/Details/5099
4,4551,Hasan Mujtaba Kiyani,HoD (Artificial Intelligence & Data Science) & Professor,-1,hasan.mujtaba@nu.edu.pk ,Computing,-1,http://isb.nu.edu.pk/Faculty/allfaculty//Images/Profile/CS/4551.jpg,http://isb.nu.edu.pk/Faculty/allfaculty//Faculty/Details/4551
5,5689,Naveed Ahmad,HoD (Software Engineering) & Professor,-1,naveed.ahmad@nu.edu.pk,Computing,-1,http://isb.nu.edu.pk/Faculty/allfaculty//Images/Profile/CS/5689.jpg,http://isb.nu.edu.pk/Faculty/allfaculty//Faculty/Details/5689
6,5002,Aftab Maroof,Professor,-1,aftab.maroof@nu.edu.pk,Computing,-1,http://isb.nu.edu.pk/Faculty/allfaculty//Images/Profile/CS/50022020-09-30_00.03.16.jpg,http://isb.nu.edu.pk/Faculty/allfaculty//Faculty/Details/5002
7,5724,Muhammad Arshad Islam,Professor,-1,arshad.islam@nu.edu.pk,Computing,-1,http://isb.nu.edu.pk/Faculty/allfaculty//Images/Profile/CS/5724.jpg,http://isb.nu.edu.pk/Faculty/allfaculty//Faculty/Details/5724
8,5783,Muhammad Asif Naeem,Professor,-1,asif.naeem@nu.edu.pk,Computing,-1,http://isb.nu.edu.pk/Faculty/allfaculty//Images/Profile/CS/5783.jpg,http://isb.nu.edu.pk/Faculty/allfaculty//Faculty/Details/5783
9,5823,Muhammad Aleem ,Professor,-1,m.aleem@nu.edu.pk,Computing,-1,http://isb.nu.edu.pk/Faculty/allfaculty//Images/Profile/CS/5823.jpg,http://isb.nu.edu.pk/Faculty/allfaculty//Faculty/Details/5823
10,6259,Ahmad Raza Shahid,Professor,-1,ahmadraza.shahid@nu.edu.pk ,Computing,-1,http://isb.nu.edu.pk/Faculty/allfaculty//Images/Profile/CS/6259.jpg,http://isb.nu.edu.pk/Faculty/allfaculty//Faculty/Details/6259
11,9214,Mirza Omer Beg,Professor,-1,omer.beg@nu.edu.pk,Computing,-1,http://isb.nu.edu.pk/Faculty/allfaculty//Images/Profile/CS/9214.jpg,http://isb.nu.edu.pk/Faculty/allfaculty//Faculty/Details/9214
12,6478,"Ahmad Din
",Associate Professor,-1,"ahmad.din@nu.edu.pk
",Computing,-1,http://isb.nu.edu.pk/Faculty/allfaculty//Images/Profile/CS/6478.jpg,http://isb.nu.edu.pk/Faculty/allfaculty//Faculty/Details/6478
13,6479,"Mohsin Bilal
",Associate Professor,-1,mohsin.bilal@nu.edu.pk,Computing,-1,http://isb.nu.edu.pk/Faculty/allfaculty//Images/Profile/CS/6479.jpg,http://isb.nu.edu.pk/Faculty/allfaculty//Faculty/Details/6479
14,6026,Mudassar Aslam,Associate Professor,-1,mudassar.aslam@nu.edu.pk,Computing,-1,http://isb.nu.edu.pk/Faculty/allfaculty//Images/Profile/CS/60262021-01-24_23.07.00.jpg,http://isb.nu.edu.pk/Faculty/allfaculty//Faculty/Details/6026
15,5791,Noreen Jamil ,Associate Professor,-1,noreen.jamil@nu.edu.pk,Computing,-1,http://isb.nu.edu.pk/Faculty/allfaculty//Images/Profile/CS/5791.jpg,http://isb.nu.edu.pk/Faculty/allfaculty//Faculty/Details/5791
16,6139,Akhtar Jamil,Associate Professor,-1,akhtar.jamil@nu.edu.pk,Computing,-1,http://isb.nu.edu.pk/Faculty/allfaculty//Images/Profile/CS/6139_20211001.jpg,http://isb.nu.edu.pk/Faculty/allfaculty//Faculty/Details/6139
17,5690,Shujaat Hussain Kausar,Associate Professor,-1,shujaat.hussain@nu.edu.pk,Computing,-1,http://isb.nu.edu.pk/Faculty/allfaculty//Images/Profile/CS/5690.jpg,http://isb.nu.edu.pk/Faculty/allfaculty//Faculty/Details/5690
18,5586,Khubaib Amjad ,Associate Professor,-1,khubaib.amjad@nu.edu.pk ,Computing,-1,http://isb.nu.edu.pk/Faculty/allfaculty//Images/Profile/CS/5586_20211001.jpg,http://isb.nu.edu.pk/Faculty/allfaculty//Faculty/Details/5586
19,5643,Kifayat Ullah Khan,Associate Professor,-1,kifayat.alizai@nu.edu.pk,Computing,-1,http://isb.nu.edu.pk/Faculty/allfaculty//Images/Profile/CS/5643.jpg,http://isb.nu.edu.pk/Faculty/allfaculty//Faculty/Details/5643
20,5249,Labiba Fahad,Associate Professor,-1,labiba.fahad@nu.edu.pk,Computing,-1,http://isb.nu.edu.pk/Faculty/allfaculty//Images/Profile/CS/5249.jpg,http://isb.nu.edu.pk/Faculty/allfaculty//Faculty/Details/5249
21,5196,Irum Inayat,Associate Professor,-1,irum.inayat@nu.edu.pk,Computing,-1,http://isb.nu.edu.pk/Faculty/allfaculty//Images/Profile/CS/5196.jpg,http://isb.nu.edu.pk/Faculty/allfaculty//Faculty/Details/5196
22,5200,"Usman Habib
",Associate Professor,-1,usman.habib@nu.edu.pk,Computing,-1,http://isb.nu.edu.pk/Faculty/allfaculty//Images/Profile/CS/5200.jpg,http://isb.nu.edu.pk/Faculty/allfaculty//Faculty/Details/5200
23,4708,Uzair Khan,Associate Professor,-1,uzair.khan@nu.edu.pk,Computing,-1,http://isb.nu.edu.pk/Faculty/allfaculty//Images/Profile/CS/4708.jpg,http://isb.nu.edu.pk/Faculty/allfaculty//Faculty/Details/4708
24,4894,Ejaz Ahmed,Associate Professor,-1,ejaz.ahmed@nu.edu.pk,Computing,-1,http://isb.nu.edu.pk/Faculty/allfaculty//Images/Profile/CS/4894.jpg,http://isb.nu.edu.pk/Faculty/allfaculty//Faculty/Details/4894
25,6297,Qaisar Shafi,Assistant Professor,-1,qaisar.shafi@nu.edu.pk ,Computing,-1,http://isb.nu.edu.pk/Faculty/allfaculty//Images/Profile/CS/6297.jpg,http://isb.nu.edu.pk/Faculty/allfaculty//Faculty/Details/6297
26,4401,Atif Aftab Ahmed Jilani,Assistant Professor,-1,atif.jilani@nu.edu.pk,Computing,-1,http://isb.nu.edu.pk/Faculty/allfaculty//Images/Profile/CS/4401.jpg,http://isb.nu.edu.pk/Faculty/allfaculty//Faculty/Details/4401
27,4549,Noor Ul Ain,Assistant Professor,-1,noorul.ain@nu.edu.pk,Computing,-1,http://isb.nu.edu.pk/Faculty/allfaculty//Images/Profile/CS/4549.jpg,http://isb.nu.edu.pk/Faculty/allfaculty//Faculty/Details/4549
28,3949,Mehreen Alam,Assistant Professor,-1,mehreen.alam@nu.edu.pk,Computing,-1,http://isb.nu.edu.pk/Faculty/allfaculty//Images/Profile/CS/3949.jpg,http://isb.nu.edu.pk/Faculty/allfaculty//Faculty/Details/3949
29,4129,Amna Basharat,Assistant Professor,-1,amna.basharat@nu.edu.pk,Computing,-1,http://isb.nu.edu.pk/Faculty/allfaculty//Images/Profile/CS/4129.jpg,http://isb.nu.edu.pk/Faculty/allfaculty//Faculty/Details/4129
30,4381,Jawad Hassan Nisar,Assistant Professor,-1,jawad.hassan@nu.edu.pk,Computing,-1,http://isb.nu.edu.pk/Faculty/allfaculty//Images/Profile/CS/4381.jpg,http://isb.nu.edu.pk/Faculty/allfaculty//Faculty/Details/4381
31,5250,Amna Irum,Assistant Professor,-1,amna.irum@nu.edu.pk,Computing,-1,http://isb.nu.edu.pk/Faculty/allfaculty//Images/Profile/CS/5250.jpg,http://isb.nu.edu.pk/Faculty/allfaculty//Faculty/Details/5250
32,5425,Muhammad Adnan Tariq,Assistant Professor,-1,muhammad.adnan@nu.edu.pk,Computing,-1,http://isb.nu.edu.pk/Faculty/allfaculty//Images/Profile/CS/5425.jpg,http://isb.nu.edu.pk/Faculty/allfaculty//Faculty/Details/5425
33,6131,Muhammad Muneeb Ullah ,Assistant Professor,-1,muneeb.ullah@nu.edu.pk ,Computing,-1,http://isb.nu.edu.pk/Faculty/allfaculty//Images/Profile/CS/6131_20211001.jpg,http://isb.nu.edu.pk/Faculty/allfaculty//Faculty/Details/6131
34,6134,"Uzair Iqbal
",Assistant Professor,-1,"uzair.iqbal@nu.edu.pk
",Computing,-1,http://isb.nu.edu.pk/Faculty/allfaculty//Images/Profile/CS/6134.jpg,http://isb.nu.edu.pk/Faculty/allfaculty//Faculty/Details/6134
35,6079,Behjat Zuhaira,Assistant Professor,-1,behjat.zuhaira@nu.edu.pk,Computing,-1,http://isb.nu.edu.pk/Faculty/allfaculty//Images/Profile/CS/60792021-04-21_08.47.08.JPG,http://isb.nu.edu.pk/Faculty/allfaculty//Faculty/Details/6079
36,5815,Amina Asif ,Assistant Professor,-1,amina.asif@nu.edu.pk,Computing,-1,http://isb.nu.edu.pk/Faculty/allfaculty//Images/Profile/CS/5815.jpg,http://isb.nu.edu.pk/Faculty/allfaculty//Faculty/Details/5815
37,5829,Muhammad Faisal Cheema,Assistant Professor,-1,faisal.cheema@nu.edu.pk,Computing,-1,http://isb.nu.edu.pk/Faculty/allfaculty//Images/Profile/CS/5829.jpg,http://isb.nu.edu.pk/Faculty/allfaculty//Faculty/Details/5829
38,5830,Subhan Ullah,Assistant Professor,-1,subhan.ullah@nu.edu.pk,Computing,-1,http://isb.nu.edu.pk/Faculty/allfaculty//Images/Profile/CS/5830.jpg,http://isb.nu.edu.pk/Faculty/allfaculty//Faculty/Details/5830
39,6032,Zainab Abaid,Assistant Professor,-1,zainab.abaid@nu.edu.pk,Computing,-1,http://isb.nu.edu.pk/Faculty/allfaculty//Images/Profile/CS/60322021-02-08_00.56.12.png,http://isb.nu.edu.pk/Faculty/allfaculty//Faculty/Details/6032
40,6579,"Ramoza Ahsan
",Assistant Professor,-1,"ramoza.ahsan@nu.edu.pk
",Computing,-1,http://isb.nu.edu.pk/Faculty/allfaculty//Images/Profile/CS/6579.jpg,http://isb.nu.edu.pk/Faculty/allfaculty//Faculty/Details/6579
41,6606,Isma ul Hassan,Assistant Professor,-1,isma.hassan@nu.edu.pk,Computing,-1,http://isb.nu.edu.pk/Faculty/allfaculty//Images/Profile/CS/6606.jpg,http://isb.nu.edu.pk/Faculty/allfaculty//Faculty/Details/6606
42,6283,Hassan sartaj ,Assistant Professor,-1,hassan.sartaj@nu.edu.pk ,Computing,-1,http://isb.nu.edu.pk/Faculty/allfaculty//Images/Profile/CS/6283.jpg,http://isb.nu.edu.pk/Faculty/allfaculty//Faculty/Details/6283
43,6405,"M. Ishtiaq
",Assistant Professor,-1,m.ishtiaq@nu.edu.pk,Computing,-1,http://isb.nu.edu.pk/Faculty/allfaculty//Images/Profile/CS/6405.jpg,http://isb.nu.edu.pk/Faculty/allfaculty//Faculty/Details/6405
44,9387,Javaria Imtiaz ,Assistant Professor,-1,javaria.imtiaz@nu.edu.pk,Computing,-1,http://isb.nu.edu.pk/Faculty/allfaculty//Images/Profile/CS/9387_20211001.jpg,http://isb.nu.edu.pk/Faculty/allfaculty//Faculty/Details/9387
45,9489,Shehreyar Rashid,Lecturer,-1,shehreyar.rashid@nu.edu.pk,Computing,-1,http://isb.nu.edu.pk/Faculty/allfaculty//Images/Profile/CS/9489.jpg,http://isb.nu.edu.pk/Faculty/allfaculty//Faculty/Details/9489
46,9242,"Shoaib Saleem Khattak
",Lecturer,-1,shoaib.saleem@nu.edu.pk,Computing,-1,http://isb.nu.edu.pk/Faculty/allfaculty//Images/Profile/CS/9242.jpg,http://isb.nu.edu.pk/Faculty/allfaculty//Faculty/Details/9242
47,6379,"Ansa Liaqat
",Lecturer,-1,"ansa.liaqat@nu.edu.pk
",Computing,-1,http://isb.nu.edu.pk/Faculty/allfaculty//Images/Profile/CS/6379.jpg,http://isb.nu.edu.pk/Faculty/allfaculty//Faculty/Details/6379
48,6296,Marium Hida ,Lecturer,-1,marium.hida@nu.edu.pk ,Computing,-1,http://isb.nu.edu.pk/Faculty/allfaculty//Images/Profile/CS/6296.jpg,http://isb.nu.edu.pk/Faculty/allfaculty//Faculty/Details/6296
49,6260,Maryam Shahbaz ,Lecturer,-1,maryam.shahbaz@nu.edu.pk,Computing,-1,http://isb.nu.edu.pk/Faculty/allfaculty//Images/Profile/CS/6260.jpg,http://isb.nu.edu.pk/Faculty/allfaculty//Faculty/Details/6260
50,6261,Bushra Amjad,Lecturer,-1,bushra.amjad@nu.edu.pk ,Computing,-1,http://isb.nu.edu.pk/Faculty/allfaculty//Images/Profile/CS/6261.jpg,http://isb.nu.edu.pk/Faculty/allfaculty//Faculty/Details/6261
51,6263,Laraib Afzaal,Lecturer,-1,laraib.afzaal@nu.edu.pk ,Computing,-1,http://isb.nu.edu.pk/Faculty/allfaculty//Images/Profile/CS/6263.jpg,http://isb.nu.edu.pk/Faculty/allfaculty//Faculty/Details/6263
52,6408,"Muhammad Abdullah Abid 
",Lecturer,-1,"abdullah.abid@nu.edu.pk
",Computing,-1,http://isb.nu.edu.pk/Faculty/allfaculty//Images/Profile/CS/6408.jpg,http://isb.nu.edu.pk/Faculty/allfaculty//Faculty/Details/6408
53,6438,Adil Majeed,Lecturer,-1,adil.majeed@nu.edu.pk,Computing,-1,http://isb.nu.edu.pk/Faculty/allfaculty//Images/Profile/CS/6438.jpg,http://isb.nu.edu.pk/Faculty/allfaculty//Faculty/Details/6438
54,6451,"Saira Qamar
",Lecturer,-1,saira.qamar@nu.edu.pk,Computing,-1,http://isb.nu.edu.pk/Faculty/allfaculty//Images/Profile/CS/6451.jpg,http://isb.nu.edu.pk/Faculty/allfaculty//Faculty/Details/6451
55,6609,Shahela Saif,Lecturer,-1,shahela.saif@nu.edu.pk,Computing,-1,http://isb.nu.edu.pk/Faculty/allfaculty//Images/Profile/CS/6609.jpg,http://isb.nu.edu.pk/Faculty/allfaculty//Faculty/Details/6609
56,6610,"Tajwar Mehmood
",Lecturer,-1,tajwar.mehmood@nu.edu.pk,Computing,-1,http://isb.nu.edu.pk/Faculty/allfaculty//Images/Profile/CS/6610.jpg,http://isb.nu.edu.pk/Faculty/allfaculty//Faculty/Details/6610
57,6613,"Nirmal Tariq
",Lecturer,-1,"nirmal.tariq@nu.edu.pk
",Computing,-1,http://isb.nu.edu.pk/Faculty/allfaculty//Images/Profile/CS/6613.jpg,http://isb.nu.edu.pk/Faculty/allfaculty//Faculty/Details/6613
58,6508,Zaheer ul Hussain Sani,Lecturer,-1,zaheer.sani@nu.edu.pk,Computing,-1,http://isb.nu.edu.pk/Faculty/allfaculty//Images/Profile/CS/6508.jpg,http://isb.nu.edu.pk/Faculty/allfaculty//Faculty/Details/6508
59,6528,"Muhammad Almas Khan
",Lecturer,-1,"muhammad.almas@nu.edu.pk
",Computing,-1,http://isb.nu.edu.pk/Faculty/allfaculty//Images/Profile/CS/6528.jpg,http://isb.nu.edu.pk/Faculty/allfaculty//Faculty/Details/6528
60,6529,"Mehmood ul Hassan
",Lecturer,-1,mehmood.hassan@nu.edu.pk,Computing,-1,http://isb.nu.edu.pk/Faculty/allfaculty//Images/Profile/CS/6529.jpg,http://isb.nu.edu.pk/Faculty/allfaculty//Faculty/Details/6529
61,6534,"Khadija Mahmood
",Lecturer,-1,"khadija.mahmood@nu.edu.pk
",Computing,-1,http://isb.nu.edu.pk/Faculty/allfaculty//Images/Profile/CS/6534.jpg,http://isb.nu.edu.pk/Faculty/allfaculty//Faculty/Details/6534
62,6067,Owais Idrees ,Lecturer,-1,Owais.idrees@nu.edu.pk ,Computing,-1,http://isb.nu.edu.pk/Faculty/allfaculty//Images/Profile/CS/6067.jpg,http://isb.nu.edu.pk/Faculty/allfaculty//Faculty/Details/6067
63,5825,Saba Kanwal,Lecturer,-1,Saba.Kanwal@nu.edu.pk,Computing,-1,http://isb.nu.edu.pk/Faculty/allfaculty//Images/Profile/CS/5825.jpg,http://isb.nu.edu.pk/Faculty/allfaculty//Faculty/Details/5825
64,5970,Maheen Arshad,Lecturer,-1,Maheen.Arshad@nu.edu.pk,Computing,-1,http://isb.nu.edu.pk/Faculty/allfaculty//Images/Profile/CS/59702020-09-03_02.13.07.jpg,http://isb.nu.edu.pk/Faculty/allfaculty//Faculty/Details/5970
65,5976,Sara Afzal,Lecturer,-1,Sara.Afzal@nu.edu.pk,Computing,-1,http://isb.nu.edu.pk/Faculty/allfaculty//Images/Profile/CS/59762020-09-03_02.12.04.jpg,http://isb.nu.edu.pk/Faculty/allfaculty//Faculty/Details/5976
66,5977,Syeda Farwa Batool,Lecturer,-1,Syeda.Batool@nu.edu.pk,Computing,-1,http://isb.nu.edu.pk/Faculty/allfaculty//Images/Profile/CS/59772020-09-03_02.11.33.png,http://isb.nu.edu.pk/Faculty/allfaculty//Faculty/Details/5977
67,5981,Ifrah Qaiser,Lecturer,-1,ifrah.qaiser@nu.edu.pk,Computing,-1,http://isb.nu.edu.pk/Faculty/allfaculty//Images/Profile/CS/5981_20211001.jpg,http://isb.nu.edu.pk/Faculty/allfaculty//Faculty/Details/5981
68,5876,Shafaq Riaz Bhatti,Lecturer,-1,shafaq.riaz@nu.edu.pk,Computing,-1,http://isb.nu.edu.pk/Faculty/allfaculty//Images/Profile/CS/5876.jpg,http://isb.nu.edu.pk/Faculty/allfaculty//Faculty/Details/5876
69,5880,Ayesha Kamran,Lecturer,-1,ayesha.kamran@nu.edu.pk,Computing,-1,http://isb.nu.edu.pk/Faculty/allfaculty//Images/Profile/CS/5880.jpg,http://isb.nu.edu.pk/Faculty/allfaculty//Faculty/Details/5880
70,5883,Parisa Salma,Lecturer,-1,parisa.salma@nu.edu.pk,Computing,-1,http://isb.nu.edu.pk/Faculty/allfaculty//Images/Profile/CS/5883.JPG,http://isb.nu.edu.pk/Faculty/allfaculty//Faculty/Details/5883
71,5793,Ameen Chilwan,Lecturer,-1,ameen.chilwan@nu.edu.pk,Computing,-1,http://isb.nu.edu.pk/Faculty/allfaculty//Images/Profile/CS/5793.jpg,http://isb.nu.edu.pk/Faculty/allfaculty//Faculty/Details/5793
72,6109,Hina Binte Haq,Lecturer,-1,hina.haq@nu.edu.pk ,Computing,-1,http://isb.nu.edu.pk/Faculty/allfaculty//Images/Profile/CS/6109_20211001.jpg,http://isb.nu.edu.pk/Faculty/allfaculty//Faculty/Details/6109
73,6110,Urooj Ghani,Lecturer,-1,urooj.ghani@nu.edu.pk,Computing,-1,http://isb.nu.edu.pk/Faculty/allfaculty//Images/Profile/CS/6110_20211001.jpg,http://isb.nu.edu.pk/Faculty/allfaculty//Faculty/Details/6110
74,6229,Nimra Shahid ,Lecturer,-1,nimra.shahid@nu.edu.pk ,Computing,-1,http://isb.nu.edu.pk/Faculty/allfaculty//Images/Profile/CS/6229.jpg,http://isb.nu.edu.pk/Faculty/allfaculty//Faculty/Details/6229
75,6244,Irfan Ullah ,Lecturer,-1,irfan.ullah@nu.edu.pk,Computing,-1,http://isb.nu.edu.pk/Faculty/allfaculty//Images/Profile/CS/6244.jpg,http://isb.nu.edu.pk/Faculty/allfaculty//Faculty/Details/6244
76,6247,Pir Sami Ullah Shah ,Lecturer,-1,samiullah.shah@nu.edu.pk,Computing,-1,http://isb.nu.edu.pk/Faculty/allfaculty//Images/Profile/CS/6247.jpg,http://isb.nu.edu.pk/Faculty/allfaculty//Faculty/Details/6247
77,6248,Mehreen Javaid ,Lecturer,-1,mehreen.javaid@nu.edu.pk ,Computing,-1,http://isb.nu.edu.pk/Faculty/allfaculty//Images/Profile/CS/6248.jpg,http://isb.nu.edu.pk/Faculty/allfaculty//Faculty/Details/6248
78,5465,Majid Hussain,Lecturer,-1,majid.hussain@nu.edu.pk,Computing,-1,http://isb.nu.edu.pk/Faculty/allfaculty//Images/Profile/CS/5465.jpg,http://isb.nu.edu.pk/Faculty/allfaculty//Faculty/Details/5465
79,5537,Sidra Khalid,Lecturer,-1,sidra.khalid@nu.edu.pk,Computing,-1,http://isb.nu.edu.pk/Faculty/allfaculty//Images/Profile/CS/5537.jpg,http://isb.nu.edu.pk/Faculty/allfaculty//Faculty/Details/5537
80,5687,Shams Farooq,Lecturer,-1,shams.farooq@nu.edu.pk,Computing,-1,http://isb.nu.edu.pk/Faculty/allfaculty//Images/Profile/CS/5687.jpg,http://isb.nu.edu.pk/Faculty/allfaculty//Faculty/Details/5687
81,5691,Uzma Mahar,Lecturer,-1,uzma.mahar@nu.edu.pk,Computing,-1,http://isb.nu.edu.pk/Faculty/allfaculty//Images/Profile/CS/5691.JPG,http://isb.nu.edu.pk/Faculty/allfaculty//Faculty/Details/5691
82,5692,Syed M.Saad Salman,Lecturer,-1,saad.salman@nu.edu.pk,Computing,-1,http://isb.nu.edu.pk/Faculty/allfaculty//Images/Profile/CS/5692.jpg,http://isb.nu.edu.pk/Faculty/allfaculty//Faculty/Details/5692
83,5693,Bilal Khalid Dar,Lecturer,-1,bilal.khalid@nu.edu.pk,Computing,-1,http://isb.nu.edu.pk/Faculty/allfaculty//Images/Profile/CS/5693.jpg,http://isb.nu.edu.pk/Faculty/allfaculty//Faculty/Details/5693
84,5694,Shehr Bano,Lecturer,-1,shehr.bano@nu.edu.pk,Computing,-1,http://isb.nu.edu.pk/Faculty/allfaculty//Images/Profile/CS/5694.JPG,http://isb.nu.edu.pk/Faculty/allfaculty//Faculty/Details/5694
85,5704,Madiha Umar,Lecturer,-1,madiha.umar@nu.edu.pk,Computing,-1,http://isb.nu.edu.pk/Faculty/allfaculty//Images/Profile/CS/5704.jpg,http://isb.nu.edu.pk/Faculty/allfaculty//Faculty/Details/5704
86,5723,Humera Sabir,Lecturer,-1,humera.sabir@nu.edu.pk,Computing,-1,http://isb.nu.edu.pk/Faculty/allfaculty//Images/Profile/CS/5723.jpg,http://isb.nu.edu.pk/Faculty/allfaculty//Faculty/Details/5723
87,5790,Umair Arshad,Lecturer,-1,umair.arshad@nu.edu.pk,Computing,-1,http://isb.nu.edu.pk/Faculty/allfaculty//Images/Profile/CS/5790.jpg,http://isb.nu.edu.pk/Faculty/allfaculty//Faculty/Details/5790
88,5201,Hassan Raza,Lecturer,-1,hassan.raza@nu.edu.pk,Computing,-1,http://isb.nu.edu.pk/Faculty/allfaculty//Images/Profile/CS/5201.jpg,http://isb.nu.edu.pk/Faculty/allfaculty//Faculty/Details/5201
89,5212,Shoaib Mehboob,Lecturer,-1,shoaib.mehboob@nu.edu.pk,Computing,-1,http://isb.nu.edu.pk/Faculty/allfaculty//Images/Profile/CS/5212.jpg,http://isb.nu.edu.pk/Faculty/allfaculty//Faculty/Details/5212
90,6249,Javeria Zia ,Instructor,-1,javeria.zia@nu.edu.pk,Computing,-1,http://isb.nu.edu.pk/Faculty/allfaculty//Images/Profile/CS/6249.jpg,http://isb.nu.edu.pk/Faculty/allfaculty//Faculty/Details/6249
91,6252,Hira Mastoor ,Instructor,-1,hira.mastoor@nu.edu.pk,Computing,-1,http://isb.nu.edu.pk/Faculty/allfaculty//Images/Profile/CS/6252.jpg,http://isb.nu.edu.pk/Faculty/allfaculty//Faculty/Details/6252
92,6245,M Naveed Khurshid,Instructor,-1,naveed.khurshid@nu.edu.pk ,Computing,-1,http://isb.nu.edu.pk/Faculty/allfaculty//Images/Profile/CS/6245.jpg,http://isb.nu.edu.pk/Faculty/allfaculty//Faculty/Details/6245
93,6246,Muhammad Nasir Zafar,Instructor,-1,nasir.zafar@nu.edu.pk ,Computing,-1,http://isb.nu.edu.pk/Faculty/allfaculty//Images/Profile/CS/6246.jpg,http://isb.nu.edu.pk/Faculty/allfaculty//Faculty/Details/6246
94,6240,Muhammad Hanan ,Instructor,-1,muhammad.hanan@nu.edu.pk,Computing,-1,http://isb.nu.edu.pk/Faculty/allfaculty//Images/Profile/CS/6240.jpg,http://isb.nu.edu.pk/Faculty/allfaculty//Faculty/Details/6240
95,6243,Arslan Aslam,Instructor,-1,arslan.aslam@nu.edu.pk ,Computing,-1,http://isb.nu.edu.pk/Faculty/allfaculty//Images/Profile/CS/6243.jpg,http://isb.nu.edu.pk/Faculty/allfaculty//Faculty/Details/6243
96,6111,Sana Razzaq ,Instructor,-1,sana.razzaq@nu.edu.pk,Computing,-1,http://isb.nu.edu.pk/Faculty/allfaculty//Images/Profile/CS/6111_20211001.jpg,http://isb.nu.edu.pk/Faculty/allfaculty//Faculty/Details/6111
97,6123,Riva Malik ,Instructor,-1,riva.malik@nu.edu.pk,Computing,-1,http://isb.nu.edu.pk/Faculty/allfaculty//Images/Profile/CS/6123_20211001.jpg,http://isb.nu.edu.pk/Faculty/allfaculty//Faculty/Details/6123
98,6143,Amina Siddique ,Instructor,-1,amina.siddique@nu.edu.pk,Computing,-1,http://isb.nu.edu.pk/Faculty/allfaculty//Images/Profile/CS/6143_20211001.jpg,http://isb.nu.edu.pk/Faculty/allfaculty//Faculty/Details/6143
99,6159,Amna Hassan,Instructor,-1,amna.hassan@nu.edu.pk,Computing,-1,http://isb.nu.edu.pk/Faculty/allfaculty//Images/Profile/CS/6159_20211001.jpg,http://isb.nu.edu.pk/Faculty/allfaculty//Faculty/Details/6159
100,6521,"Laiba Imran
",Instructor,-1,laiba.imran@nu.edu.pk,Computing,-1,http://isb.nu.edu.pk/Faculty/allfaculty//Images/Profile/CS/6521.jpg,http://isb.nu.edu.pk/Faculty/allfaculty//Faculty/Details/6521
101,6262,Salman Iqbal ,Instructor,-1,salman.iqbal@nu.edu.pk ,Computing,-1,http://isb.nu.edu.pk/Faculty/allfaculty//Images/Profile/CS/6262.jpg,http://isb.nu.edu.pk/Faculty/allfaculty//Faculty/Details/6262
102,6384,Zoya Sumbul Zaheer,Instructor,-1,zoya.sumbul@nu.edu.pk,Computing,-1,http://isb.nu.edu.pk/Faculty/allfaculty//Images/Profile/CS/6384.jpg,http://isb.nu.edu.pk/Faculty/allfaculty//Faculty/Details/6384
103,6385,"Sunduss Aamir Khan
",Instructor,-1,sunduss.aamir@nu.edu.pk,Computing,-1,http://isb.nu.edu.pk/Faculty/allfaculty//Images/Profile/CS/6385.jpg,http://isb.nu.edu.pk/Faculty/allfaculty//Faculty/Details/6385
104,6387,Sadia Saad,Instructor,-1,sadia.saad@nu.edu.pk,Computing,-1,http://isb.nu.edu.pk/Faculty/allfaculty//Images/Profile/CS/6387.jpg,http://isb.nu.edu.pk/Faculty/allfaculty//Faculty/Details/6387
105,6388,Bushra Fatima Tariq,Instructor,-1,bushra.fatima@nu.edu.pk,Computing,-1,http://isb.nu.edu.pk/Faculty/allfaculty//Images/Profile/CS/6388.jpg,http://isb.nu.edu.pk/Faculty/allfaculty//Faculty/Details/6388
106,6406,"Sher Bano
",Instructor,-1,"sher.bano@nu.edu.pk 
",Computing,-1,http://isb.nu.edu.pk/Faculty/allfaculty//Images/Profile/CS/6406.jpg,http://isb.nu.edu.pk/Faculty/allfaculty//Faculty/Details/6406
107,6375,Hummayoun Mustafa Mazhar ,Instructor,-1,hummayoun.mustafa@nu.edu.pk,Computing,-1,http://isb.nu.edu.pk/Faculty/allfaculty//Images/Profile/CS/6375.jpg,http://isb.nu.edu.pk/Faculty/allfaculty//Faculty/Details/6375
108,6377,"Obaid Ullah
",Instructor,-1,"obaid Ullah@nu.edu.pk
",Computing,-1,http://isb.nu.edu.pk/Faculty/allfaculty//Images/Profile/CS/6377.jpg,http://isb.nu.edu.pk/Faculty/allfaculty//Faculty/Details/6377
109,5677,Neelofar Niazi ,Assistant Manager (Coordination),-1,neelofar.niazi@nu.edu.pk,Computing,-1,http://isb.nu.edu.pk/Faculty/allfaculty//Images/Profile/CS/5677.jpg,http://isb.nu.edu.pk/Faculty/allfaculty//Faculty/Details/5677
110,5393,Fahad Shahzad,Academic Officer,-1,fahad.shahzad@nu.edu.pk,Computing,-1,http://isb.nu.edu.pk/Faculty/allfaculty//Images/Profile/CS/5393.jpg,http://isb.nu.edu.pk/Faculty/allfaculty//Faculty/Details/5393
111,4154,Shakeel Ahmed Kiyani,Academic Officer,-1,shakeel.kiyani@nu.edu.pk,Computing,-1,http://isb.nu.edu.pk/Faculty/allfaculty//Images/Profile/CS/4154.jpg,http://isb.nu.edu.pk/Faculty/allfaculty//Faculty/Details/4154
112,5774,Abdul Qadoos,Academic Officer,-1,abdul.qadoos@nu.edu.pk,Computing,-1,http://isb.nu.edu.pk/Faculty/allfaculty//Images/Profile/FSM/57742021-04-22_14.13.10.png,http://isb.nu.edu.pk/Faculty/allfaculty//Faculty/Details/5774
113,5582,Amir Rehman,Academic Officer,-1,amir.rehman@nu.edu.pk,Computing,-1,http://isb.nu.edu.pk/Faculty/allfaculty//Images/Profile/CS/5582.jpg,http://isb.nu.edu.pk/Faculty/allfaculty//Faculty/Details/5582
114,5912,Baber Shahzad,Assistant Academic Officer,-1,baber.shahzad@nu.edu.pk,Computing,-1,http://isb.nu.edu.pk/Faculty/allfaculty//Images/Profile/CS/5912.jpg,http://isb.nu.edu.pk/Faculty/allfaculty//Faculty/Details/5912
115,5922,Ayesha Yaqub Malik,Assistant Academic Officer,-1,ayesha.yaqub@nu.edu.pk,Computing,-1,http://isb.nu.edu.pk/Faculty/allfaculty//Images/Profile/CS/59222021-04-27_09.55.26.jpg,http://isb.nu.edu.pk/Faculty/allfaculty//Faculty/Details/5922
116,6683,"Imran Ashraf
",Assistant Professor,-1,"imran.ashraf@isb.nu.edu.pk
",Computing,-1,http://isb.nu.edu.pk/Faculty/allfaculty//Images/Profile/CS/6683.jpg,http://isb.nu.edu.pk/Faculty/allfaculty//Faculty/Details/6683
117,6527,"Madiha khan
",Department Secretary,-1,madiha.khan@nu.edu.pk,Computing,-1,http://isb.nu.edu.pk/Faculty/allfaculty//Images/Profile/CS/6527.jpg,http://isb.nu.edu.pk/Faculty/allfaculty//Faculty/Details/6527
118,6540,"Nayab Razzaq
",Department Secretary,-1,nayab.razzaq@nu.edu.pk,Computing,-1,http://isb.nu.edu.pk/Faculty/allfaculty//Images/Profile/CS/6540.jpg,http://isb.nu.edu.pk/Faculty/allfaculty//Faculty/Details/6540
119,6350,"Muhammad Aadil
",Assistant Academic Officer,-1,m.aadil@nu.edu.pk,Computing,-1,http://isb.nu.edu.pk/Faculty/allfaculty//Images/Profile/CS/6350.jpg,http://isb.nu.edu.pk/Faculty/allfaculty//Faculty/Details/6350
120,6351,"Syed Shaharyar Yousaf
",Assistant Academic Officer,-1,"Shaharyar.yousaf@nu.edu.pk
",Computing,-1,http://isb.nu.edu.pk/Faculty/allfaculty//Images/Profile/CS/6351.jpg,http://isb.nu.edu.pk/Faculty/allfaculty//Faculty/Details/6351
121,4848,"Muhammad Tariq
",HOD & Professor,-1,tariq.khan@nu.edu.pk,Computing,-1,http://isb.nu.edu.pk/Faculty/allfaculty//Images/Profile/CS/4848.jpg,http://isb.nu.edu.pk/Faculty/allfaculty//Faculty/Details/4848
122,5004,Waseem Ikram,Professor,-1,waseem.ikram@nu.edu.pk,Computing,-1,http://isb.nu.edu.pk/Faculty/allfaculty//Images/Profile/EE/5004.jpg,http://isb.nu.edu.pk/Faculty/allfaculty//Faculty/Details/5004
123,5522,Mukhtar Ullah,Professor,-1,mukhtar.ullah@nu.edu.pk,Computing,-1,http://isb.nu.edu.pk/Faculty/allfaculty//Images/Profile/EE/5522.jpg,http://isb.nu.edu.pk/Faculty/allfaculty//Faculty/Details/5522
124,5619,Rashad Ramzan,Professor,-1,rashad.ramzan@nu.edu.pk,Computing,-1,http://isb.nu.edu.pk/Faculty/allfaculty//Images/Profile/EE/5619.jpg,http://isb.nu.edu.pk/Faculty/allfaculty//Faculty/Details/5619
125,9150,Ataul Aziz Ikram,Professor,-1,ata.ikram@nu.edu.pk,Computing,-1,http://isb.nu.edu.pk/Faculty/allfaculty//Images/Profile/EE/9150.jpg,http://isb.nu.edu.pk/Faculty/allfaculty//Faculty/Details/9150
126,6390,Niaz Ahmed,Associate Professor,-1,niaz.ahmed@nu.edu.pk,Computing,-1,http://isb.nu.edu.pk/Faculty/allfaculty//Images/Profile/EE/6390.jpg,http://isb.nu.edu.pk/Faculty/allfaculty//Faculty/Details/6390
127,4278,Arshad Hassan Khan,Associate Professor,-1,arshad.hassan@nu.edu.pk,Computing,-1,http://isb.nu.edu.pk/Faculty/allfaculty//Images/Profile/EE/4278.jpg,http://isb.nu.edu.pk/Faculty/allfaculty//Faculty/Details/4278
128,4283,Aamer Hafeez,Assistant Professor,-1,aamer.hafeez@nu.edu.pk,Computing,-1,http://isb.nu.edu.pk/Faculty/allfaculty//Images/Profile/EE/4283.jpg,http://isb.nu.edu.pk/Faculty/allfaculty//Faculty/Details/4283
129,4340,Sana Hassan,Assistant Professor,-1,sana.hassan@nu.edu.pk,Computing,-1,http://isb.nu.edu.pk/Faculty/allfaculty//Images/Profile/EE/4340.jpg,http://isb.nu.edu.pk/Faculty/allfaculty//Faculty/Details/4340
130,3441,Aamer Munir,Assistant Professor,-1,aamer.munir@nu.edu.pk,Computing,-1,http://isb.nu.edu.pk/Faculty/allfaculty//Images/Profile/EE/3441.jpg,http://isb.nu.edu.pk/Faculty/allfaculty//Faculty/Details/3441
131,3625,Farhan Khalid,Assistant Professor,-1,farhan.khalid@nu.edu.pk,Computing,-1,http://isb.nu.edu.pk/Faculty/allfaculty//Images/Profile/EE/3625.jpg,http://isb.nu.edu.pk/Faculty/allfaculty//Faculty/Details/3625
132,3707,Azhar Rauf,Assistant Professor,-1,azhar.rauf@nu.edu.pk,Computing,-1,http://isb.nu.edu.pk/Faculty/allfaculty//Images/Profile/EE/3707.jpg,http://isb.nu.edu.pk/Faculty/allfaculty//Faculty/Details/3707
133,3730,Shahid Qureshi,Assistant Professor,-1,shahid.qureshi@nu.edu.pk,Computing,-1,http://isb.nu.edu.pk/Faculty/allfaculty//Images/Profile/EE/3730.jpg,http://isb.nu.edu.pk/Faculty/allfaculty//Faculty/Details/3730
134,4141,Muhammad Saeed,Assistant Professor,-1,muhammad.saeed@nu.edu.pk,Computing,-1,http://isb.nu.edu.pk/Faculty/allfaculty//Images/Profile/EE/4141.jpg,http://isb.nu.edu.pk/Faculty/allfaculty//Faculty/Details/4141
135,4738,Shahzad Saleem,Assistant Professor,-1,shahzad.saleem@nu.edu.pk,Computing,-1,http://isb.nu.edu.pk/Faculty/allfaculty//Images/Profile/EE/4738.jpg,http://isb.nu.edu.pk/Faculty/allfaculty//Faculty/Details/4738
136,3844,Shehzad Ahmad,Assistant Professor,-1,shehzad.ahmad@nu.edu.pk,Computing,-1,http://isb.nu.edu.pk/Faculty/allfaculty//Images/Profile/EE/3844.jpg,http://isb.nu.edu.pk/Faculty/allfaculty//Faculty/Details/3844
137,3990,M. Ibrar Khan,Assistant Professor,-1,ibrar.khan@nu.edu.pk,Computing,-1,http://isb.nu.edu.pk/Faculty/allfaculty//Images/Profile/EE/3990.jpg,http://isb.nu.edu.pk/Faculty/allfaculty//Faculty/Details/3990
138,4518,Waqas Bin Abbas,Assistant Professor,-1,waqas.abbas@nu.edu.pk,Computing,-1,http://isb.nu.edu.pk/Faculty/allfaculty//Images/Profile/EE/4518.jpg,http://isb.nu.edu.pk/Faculty/allfaculty//Faculty/Details/4518
139,5620,Muhammad Jafar,Assistant Professor,-1,muhammad.jafar@nu.edu.pk,Computing,-1,http://isb.nu.edu.pk/Faculty/allfaculty//Images/Profile/EE/5620.jpg,http://isb.nu.edu.pk/Faculty/allfaculty//Faculty/Details/5620
140,5953,Hassan Saif,Assistant Professor,-1,hassan.saif@nu.edu.pk,Computing,-1,http://isb.nu.edu.pk/Faculty/allfaculty//Images/user/avatar_2x.png,http://isb.nu.edu.pk/Faculty/allfaculty//Faculty/Details/5953
141,5055,Sana Saleh,Lecturer,-1,sana.saleh@nu.edu.pk,Computing,-1,http://isb.nu.edu.pk/Faculty/allfaculty//Images/Profile/EE/5055.jpg,http://isb.nu.edu.pk/Faculty/allfaculty//Faculty/Details/5055
142,9136,Moomal Bukhari,Lecturer,-1,moomal.bukhari@nu.edu.pk,Computing,-1,http://isb.nu.edu.pk/Faculty/allfaculty//Images/Profile/EE/9136.jpg,http://isb.nu.edu.pk/Faculty/allfaculty//Faculty/Details/9136
143,9389,Maria Nasir,Lecturer,-1,maria.nasir@nu.edu.pk,Computing,-1,http://isb.nu.edu.pk/Faculty/allfaculty//Images/Profile/EE/9389.jpg,http://isb.nu.edu.pk/Faculty/allfaculty//Faculty/Details/9389
144,5502,Ifrah Maqsood,Lab Engineer,-1,ifrah.maqsood@nu.edu.pk,Computing,-1,http://isb.nu.edu.pk/Faculty/allfaculty//Images/Profile/EE/5502.jpg,http://isb.nu.edu.pk/Faculty/allfaculty//Faculty/Details/5502
145,4669,Fakhar Abbas,Lab Engineer,-1,fakhar.abbas@nu.edu.pk,Computing,-1,http://isb.nu.edu.pk/Faculty/allfaculty//Images/Profile/EE/4669.jpg,http://isb.nu.edu.pk/Faculty/allfaculty//Faculty/Details/4669
146,5391,Soha Saqib,Assistant Manager Academics,-1,soha.saqib@nu.edu.pk,Computing,-1,http://isb.nu.edu.pk/Faculty/allfaculty//Images/Profile/EE/5391.jpg,http://isb.nu.edu.pk/Faculty/allfaculty//Faculty/Details/5391
147,5030,Kashif Islam,Assistant Manager (EE Labs),-1,kashif.islam@nu.edu.pk,Computing,-1,http://isb.nu.edu.pk/Faculty/allfaculty//Images/Profile/EE/5030.jpg,http://isb.nu.edu.pk/Faculty/allfaculty//Faculty/Details/5030
148,4133,M. Atif Baig,Deputy Manager (Coordination),-1,atif.baig@nu.edu.pk,Computing,-1,http://isb.nu.edu.pk/Faculty/allfaculty//Images/Profile/EE/4133.jpg,http://isb.nu.edu.pk/Faculty/allfaculty//Faculty/Details/4133
149,4737,Ahsan Iqbal Khan,Lab Supervisor,-1,Ahsan.iqbal@nu.edu.pk,Computing,-1,http://isb.nu.edu.pk/Faculty/allfaculty//Images/Profile/EE/4737.jpg,http://isb.nu.edu.pk/Faculty/allfaculty//Faculty/Details/4737
150,4456,Saqib Shahbaz Raja,Lab Supervisor,-1,saqib.shahbaz@nu.edu.pk,Computing,-1,http://isb.nu.edu.pk/Faculty/allfaculty//Images/Profile/EE/4456.jpg,http://isb.nu.edu.pk/Faculty/allfaculty//Faculty/Details/4456
151,9199,Muhammad Younas,Lab Supervisor,-1,muhammad.younas@nu.edu.pk,Computing,-1,http://isb.nu.edu.pk/Faculty/allfaculty//Images/Profile/EE/9199.jpg,http://isb.nu.edu.pk/Faculty/allfaculty//Faculty/Details/9199
152,5376,Ghulam Nabi,Lab Technician ,-1,ghulam.nabi@nu.edu.pk,Computing,-1,http://isb.nu.edu.pk/Faculty/allfaculty//Images/Profile/EE/5376.jpg,http://isb.nu.edu.pk/Faculty/allfaculty//Faculty/Details/5376
153,4455,Rizwan Javed,Lab Assistant,-1,rizwan.javed@nu.edu.pk,Computing,-1,http://isb.nu.edu.pk/Faculty/allfaculty//Images/Profile/EE/4455.jpg,http://isb.nu.edu.pk/Faculty/allfaculty//Faculty/Details/4455
154,5288,Uzair Uddin Farooqi ,Academic Officer,-1,uzair.farooqi@nu.edu.pk,Computing,-1,http://isb.nu.edu.pk/Faculty/allfaculty//Images/Profile/EE/5288.jpg,http://isb.nu.edu.pk/Faculty/allfaculty//Faculty/Details/5288
155,3739,Muhammad Tariq,Assistant Academic Officer,-1,malik.tariq@nu.edu.pk,Computing,-1,http://isb.nu.edu.pk/Faculty/allfaculty//Images/Profile/EE/3739.jpg,http://isb.nu.edu.pk/Faculty/allfaculty//Faculty/Details/3739
156,6376,"Nimra Fatima
",Lab Engineer,-1,nimra.fatima@nu.edu.pk,Computing,-1,http://isb.nu.edu.pk/Faculty/allfaculty//Images/Profile/CS/6376.jpg,http://isb.nu.edu.pk/Faculty/allfaculty//Faculty/Details/6376
157,3813,Sadia Nadeem,HOD & Professor,-1,sadia.nadeem@nu.edu.pk,Computing,-1,"http://isb.nu.edu.pk/Faculty/allfaculty//Images/Profile/FSM/38132020-05-20, 23.16.54.jpg",http://isb.nu.edu.pk/Faculty/allfaculty//Faculty/Details/3813
158,9490,Ayub Siddiqui,Professor (Dean Faculty of FSM),-1,ayub.siddiqui@nu.edu.pk,Computing,-1,http://isb.nu.edu.pk/Faculty/allfaculty//Images/Profile/FSM/9490.jpg,http://isb.nu.edu.pk/Faculty/allfaculty//Faculty/Details/9490
159,5615,Haider Ali,Associate Professor,-1,haider.ali@nu.edu.pk,Computing,-1,http://isb.nu.edu.pk/Faculty/allfaculty//Images/Profile/FSM/5615.jpg,http://isb.nu.edu.pk/Faculty/allfaculty//Faculty/Details/5615
160,5616,Adnan Shoaib,Associate Professor,-1,adnan.shoaib@nu.edu.pk,Computing,-1,http://isb.nu.edu.pk/Faculty/allfaculty//Images/Profile/FSM/5616.jpg,http://isb.nu.edu.pk/Faculty/allfaculty//Faculty/Details/5616
161,9488,Muhammad Abbas,Associate Professor,-1,muhammad.abbas@nu.edu.pk,Computing,-1,http://isb.nu.edu.pk/Faculty/allfaculty//Images/Profile/FSM/9488.jpg,http://isb.nu.edu.pk/Faculty/allfaculty//Faculty/Details/9488
162,6043,Muhammad Yasir ,Assistant Professor,-1,m.yasir@nu.edu.pk,Computing,-1,http://isb.nu.edu.pk/Faculty/allfaculty//Images/Profile/FSM/6443.jpg,http://isb.nu.edu.pk/Faculty/allfaculty//Faculty/Details/6043
163,9133,Falak Khan,Assistant Professor,-1,falak.khan@nu.edu.pk,Computing,-1,http://isb.nu.edu.pk/Faculty/allfaculty//Images/Profile/FSM/9133.jpg,http://isb.nu.edu.pk/Faculty/allfaculty//Faculty/Details/9133
164,9141,Shuja ul Islam,Assistant Professor,-1,shujaul.islam@nu.edu.pk,Computing,-1,http://isb.nu.edu.pk/Faculty/allfaculty//Images/Profile/FSM/9141.jpg,http://isb.nu.edu.pk/Faculty/allfaculty//Faculty/Details/9141
165,9151,Usman Zafar Chaudhry,Assistant Professor,-1,usman.chaudhry@nu.edu.pk,Computing,-1,http://isb.nu.edu.pk/Faculty/allfaculty//Images/Profile/FSM/9151.JPG,http://isb.nu.edu.pk/Faculty/allfaculty//Faculty/Details/9151
166,9337,Hammad Majeed,Assistant Professor,-1,h.majeed@nu.edu.pk,Computing,-1,http://isb.nu.edu.pk/Faculty/allfaculty//Images/Profile/FSM/9337.jpg,http://isb.nu.edu.pk/Faculty/allfaculty//Faculty/Details/9337
167,4398,Sarah Khan,Assistant Professor,-1,sara.khan@nu.edu.pk,Computing,-1,http://isb.nu.edu.pk/Faculty/allfaculty//Images/Profile/FSM/43982020-06-10_22.10.51.jpg,http://isb.nu.edu.pk/Faculty/allfaculty//Faculty/Details/4398
168,4589,Ayesha Bano,Assistant Professor,-1,ayesha.bano@nu.edu.pk,Computing,-1,http://isb.nu.edu.pk/Faculty/allfaculty//Images/Profile/FSM/4589.jpg,http://isb.nu.edu.pk/Faculty/allfaculty//Faculty/Details/4589
169,5197,Aftab Bhatti,Assistant Professor,-1,aftab.bhatti@nu.edu.pk,Computing,-1,"http://isb.nu.edu.pk/Faculty/allfaculty//Images/Profile/FSM/51972020-05-31, 22.05.10.jpg",http://isb.nu.edu.pk/Faculty/allfaculty//Faculty/Details/5197
170,5331,Abdul Wahab,Assistant Professor,-1,abdulwahab@nu.edu.pk,Computing,-1,"http://isb.nu.edu.pk/Faculty/allfaculty//Images/Profile/FSM/53312020-05-29, 06.03.08.jpg",http://isb.nu.edu.pk/Faculty/allfaculty//Faculty/Details/5331
171,5332,Muhammad Akhtar,Assistant Professor,-1,muhammad.akhtar@nu.edu.pk,Computing,-1,http://isb.nu.edu.pk/Faculty/allfaculty//Images/Profile/FSM/5332.jpg,http://isb.nu.edu.pk/Faculty/allfaculty//Faculty/Details/5332
172,5333,Muhammad Bilal Saeed,Assistant Professor,-1,bilalsaeed@nu.edu.pk,Computing,-1,http://isb.nu.edu.pk/Faculty/allfaculty//Images/Profile/FSM/5333.jpg,http://isb.nu.edu.pk/Faculty/allfaculty//Faculty/Details/5333
173,5357,Muhammad Hassaan ,Assistant Professor,-1,muhammad.hassaan@nu.edu.pk,Computing,-1,http://isb.nu.edu.pk/Faculty/allfaculty//Images/Profile/FSM/5357.jpg,http://isb.nu.edu.pk/Faculty/allfaculty//Faculty/Details/5357
174,5441,Amna Arsalan Farooqui,Assistant Professor,-1,amna.farooqui@nu.edu.pk,Computing,-1,http://isb.nu.edu.pk/Faculty/allfaculty//Images/Profile/FSM/5441.jpg,http://isb.nu.edu.pk/Faculty/allfaculty//Faculty/Details/5441
175,5334,Rehan Aftab,Lecturer,-1,rehan.aftab@nu.edu.pk,Computing,-1,http://isb.nu.edu.pk/Faculty/allfaculty//Images/Profile/FSM/53342020-06-15_08.48.17.jpg,http://isb.nu.edu.pk/Faculty/allfaculty//Faculty/Details/5334
176,5247,Danial Hasan,Lecturer,-1,danial.hassan@nu.edu.pk,Computing,-1,http://isb.nu.edu.pk/Faculty/allfaculty//Images/Profile/FSM/5247.jpg,http://isb.nu.edu.pk/Faculty/allfaculty//Faculty/Details/5247
177,5093,Sidra Abbas,Lecturer,-1,sidra.abbas@nu.edu.pk,Computing,-1,http://isb.nu.edu.pk/Faculty/allfaculty//Images/Profile/FSM/5093.jpg,http://isb.nu.edu.pk/Faculty/allfaculty//Faculty/Details/5093
178,5141,Saifullah Khan,Lecturer,-1,saifullah.khan@nu.edu.pk,Computing,-1,http://isb.nu.edu.pk/Faculty/allfaculty//Images/Profile/FSM/5141.jpg,http://isb.nu.edu.pk/Faculty/allfaculty//Faculty/Details/5141
179,4379,Farah Naz,Lecturer,-1,farah.naz@nu.edu.pk,Computing,-1,http://isb.nu.edu.pk/Faculty/allfaculty//Images/Profile/SH/4379.jpg,http://isb.nu.edu.pk/Faculty/allfaculty//Faculty/Details/4379
180,9381,Mansoor Mushtaq,Lecturer,-1,mansoor.mushtaq@nu.edu.pk,Computing,-1,http://isb.nu.edu.pk/Faculty/allfaculty//Images/Profile/FSM/9381.jpg,http://isb.nu.edu.pk/Faculty/allfaculty//Faculty/Details/9381
181,5792,Ayesha Yaqoob,Lecturer,-1,ayesha.yaqoob@nu.edu.pk,Computing,-1,http://isb.nu.edu.pk/Faculty/allfaculty//Images/Profile/FSM/57922020-06-10_21.58.48.jpg,http://isb.nu.edu.pk/Faculty/allfaculty//Faculty/Details/5792
182,5841,Mehmood Ur Rehman,Lecturer,-1,mehmood.rehman@nu.edu.pk,Computing,-1,http://isb.nu.edu.pk/Faculty/allfaculty//Images/Profile/FSM/5841.JPG,http://isb.nu.edu.pk/Faculty/allfaculty//Faculty/Details/5841
183,5318,Sajjad Hanif,Instructor,-1,sajjad.hanif@nu.edu.pk,Computing,-1,http://isb.nu.edu.pk/Faculty/allfaculty//Images/Profile/FSM/5318.jpg,http://isb.nu.edu.pk/Faculty/allfaculty//Faculty/Details/5318
184,4656,Tufail Ahmad,Assistant Manager Academics,-1,tufail.ahmad@nu.edu.pk,Computing,-1,http://isb.nu.edu.pk/Faculty/allfaculty//Images/Profile/CS/4656.jpg,http://isb.nu.edu.pk/Faculty/allfaculty//Faculty/Details/4656
185,5405,Jabeen Akhtar,Academic Officer,-1,jabeen.akhtar@nu.edu.pk,Computing,-1,http://isb.nu.edu.pk/Faculty/allfaculty//Images/Profile/FSM/5405.jpg,http://isb.nu.edu.pk/Faculty/allfaculty//Faculty/Details/5405
186,3536,Muhammad Shiraz,Assistant,-1,muhammad.shiraz@nu.edu.pk,Computing,-1,http://isb.nu.edu.pk/Faculty/allfaculty//Images/Profile/FSM/3536.jpg,http://isb.nu.edu.pk/Faculty/allfaculty//Faculty/Details/3536
187,3938,Khadija Farooq,Incharge (Sciences & Humanities) & Assistant Professor,-1,khadija.farooq@nu.edu.pk,Computing,-1,http://isb.nu.edu.pk/Faculty/allfaculty//Images/Profile/SH/3938.jpg,http://isb.nu.edu.pk/Faculty/allfaculty//Faculty/Details/3938
188,4385,Muhammad Tayyeb Nadeem,Professor,-1,tayyeb.nadeem@nu.edu.pk,Computing,-1,http://isb.nu.edu.pk/Faculty/allfaculty//Images/Profile/SH/4385.jpg,http://isb.nu.edu.pk/Faculty/allfaculty//Faculty/Details/4385
189,4218,M. Usman Ashraf,Associate Professor,-1,usman.ashraf@nu.edu.pk,Computing,-1,http://isb.nu.edu.pk/Faculty/allfaculty//Images/Profile/SH/42182021-01-20_01.32.39.JPG,http://isb.nu.edu.pk/Faculty/allfaculty//Faculty/Details/4218
190,4219,Muhammad Ali,Associate Professor,-1,m.ali@nu.edu.pk,Computing,-1,http://isb.nu.edu.pk/Faculty/allfaculty//Images/Profile/SH/4219.jpg,http://isb.nu.edu.pk/Faculty/allfaculty//Faculty/Details/4219
191,4220,Syed Irfan Shah,Associate Professor,-1,irfan.shah@nu.edu.pk,Computing,-1,http://isb.nu.edu.pk/Faculty/allfaculty//Images/Profile/SH/4220.jpg,http://isb.nu.edu.pk/Faculty/allfaculty//Faculty/Details/4220
192,9383,Memoona Rasool,Assistant Professor,-1,maimoona.rasool@nu.edu.pk,Computing,-1,http://isb.nu.edu.pk/Faculty/allfaculty//Images/Profile/SH/9383.jpg,http://isb.nu.edu.pk/Faculty/allfaculty//Faculty/Details/9383
193,4576,Khalil Ullah,Assistant Professor,-1,khalil.awan@nu.edu.pk,Computing,-1,http://isb.nu.edu.pk/Faculty/allfaculty//Images/Profile/SH/4576.jpg,http://isb.nu.edu.pk/Faculty/allfaculty//Faculty/Details/4576
194,5248,Hamda Khan,Assistant Professor,-1,hamda.khan@nu.edu.pk,Computing,-1,http://isb.nu.edu.pk/Faculty/allfaculty//Images/Profile/SH/5248.jpg,http://isb.nu.edu.pk/Faculty/allfaculty//Faculty/Details/5248
195,3442,Shahzad Mahmood,Assistant Professor,-1,shahzad.mahmood@nu.edu.pk,Computing,-1,http://isb.nu.edu.pk/Faculty/allfaculty//Images/Profile/SH/3442.jpg,http://isb.nu.edu.pk/Faculty/allfaculty//Faculty/Details/3442
196,3940,Aisha Ijaz,Assistant Professor,-1,aisha.ijaz@nu.edu.pk,Computing,-1,http://isb.nu.edu.pk/Faculty/allfaculty//Images/Profile/SH/3940.jpg,http://isb.nu.edu.pk/Faculty/allfaculty//Faculty/Details/3940
197,4127,Mehwish Hassan,Assistant Professor,-1,mehwish.hassan@nu.edu.pk,Computing,-1,http://isb.nu.edu.pk/Faculty/allfaculty//Images/Profile/SH/4127.jpg,http://isb.nu.edu.pk/Faculty/allfaculty//Faculty/Details/4127
198,4214,Farah Jabeen Awan,Assistant Professor,-1,farah.awan@nu.edu.pk,Computing,-1,http://isb.nu.edu.pk/Faculty/allfaculty//Images/Profile/SH/4214.jpg,http://isb.nu.edu.pk/Faculty/allfaculty//Faculty/Details/4214
199,5354,Sehrish Hassan Shigri,Lecturer,-1,sehrish.hassan@nu.edu.pk,Computing,-1,http://isb.nu.edu.pk/Faculty/allfaculty//Images/Profile/SH/5354.jpg,http://isb.nu.edu.pk/Faculty/allfaculty//Faculty/Details/5354
200,5898,Sana Ilyas,Lecturer,-1,sanaa.ilyas@nu.edu.pk,Computing,-1,http://isb.nu.edu.pk/Faculty/allfaculty//Images/user/avatar_2x.png,http://isb.nu.edu.pk/Faculty/allfaculty//Faculty/Details/5898
201,5902,Zunera Malik,Lecturer,-1,zunaira.malik@nu.edu.pk,Computing,-1,http://isb.nu.edu.pk/Faculty/allfaculty//Images/user/avatar_2x.png,http://isb.nu.edu.pk/Faculty/allfaculty//Faculty/Details/5902
202,9341,Sadia Nauman,Lecturer,-1,sadia.nauman@nu.edu.pk,Computing,-1,http://isb.nu.edu.pk/Faculty/allfaculty//Images/Profile/SH/9341.jpg,http://isb.nu.edu.pk/Faculty/allfaculty//Faculty/Details/9341
203,9529,Sumera Abbas,Lecturer,-1,sumera.abbas@nu.edu.pk,Computing,-1,http://isb.nu.edu.pk/Faculty/allfaculty//Images/Profile/SH/9529.jpg,http://isb.nu.edu.pk/Faculty/allfaculty//Faculty/Details/9529
