,ID,Name,Designation,HEC Supervisor,Email,Department,Extension,Image,Profile URL
0,4553,Waseem Shahzad,Director & Professor,-1,waseem.shahzad@nu.edu.pk,Computing,-1,http://isb.nu.edu.pk/Faculty/allfaculty//Images/Profile/CS/4553.jpg,http://isb.nu.edu.pk/Faculty/allfaculty//Faculty/Details/4553
1,3629,Kashif Munir,"Head, School of Computing & Professor",-1,kashif.munir@nu.edu.pk,Computing,-1,http://isb.nu.edu.pk/Faculty/allfaculty//Images/Profile/CS/36292021-01-21_23.28.18.jpg,http://isb.nu.edu.pk/Faculty/allfaculty//Faculty/Details/3629
2,4400,Hammad Majeed,HoD (Computer Science) & Professor,-1,hammad.majeed@nu.edu.pk,Computing,-1,http://isb.nu.edu.pk/Faculty/allfaculty//Images/Profile/CS/4400.jpg,http://isb.nu.edu.pk/Faculty/allfaculty//Faculty/Details/4400
3,5099,Muhammad Asim,HoD (Cyber Security) & Professor,-1,muhammad.asim@nu.edu.pk,Computing,-1,http://isb.nu.edu.pk/Faculty/allfaculty//Images/Profile/CS/5099.jpg,http://isb.nu.edu.pk/Faculty/allfaculty//Faculty/Details/5099
4,4551,Hasan Mujtaba Kiyani,HoD (Artificial Intelligence & Data Science) & Professor,-1,hasan.mujtaba@nu.edu.pk ,Computing,-1,http://isb.nu.edu.pk/Faculty/allfaculty//Images/Profile/CS/4551.jpg,http://isb.nu.edu.pk/Faculty/allfaculty//Faculty/Details/4551
5,5689,Naveed Ahmad,HoD (Software Engineering) & Professor,-1,naveed.ahmad@nu.edu.pk,Computing,-1,http://isb.nu.edu.pk/Faculty/allfaculty//Images/Profile/CS/5689.jpg,http://isb.nu.edu.pk/Faculty/allfaculty//Faculty/Details/5689
6,5002,Aftab Maroof,Professor,-1,aftab.maroof@nu.edu.pk,Computing,-1,http://isb.nu.edu.pk/Faculty/allfaculty//Images/Profile/CS/50022020-09-30_00.03.16.jpg,http://isb.nu.edu.pk/Faculty/allfaculty//Faculty/Details/5002
7,5724,Muhammad Arshad Islam,Professor,-1,arshad.islam@nu.edu.pk,Computing,-1,http://isb.nu.edu.pk/Faculty/allfaculty//Images/Profile/CS/5724.jpg,http://isb.nu.edu.pk/Faculty/allfaculty//Faculty/Details/5724
8,5783,Muhammad Asif Naeem,Professor,-1,asif.naeem@nu.edu.pk,Computing,-1,http://isb.nu.edu.pk/Faculty/allfaculty//Images/Profile/CS/5783.jpg,http://isb.nu.edu.pk/Faculty/allfaculty//Faculty/Details/5783
9,5823,Muhammad Aleem ,Professor,-1,m.aleem@nu.edu.pk,Computing,-1,http://isb.nu.edu.pk/Faculty/allfaculty//Images/Profile/CS/5823.jpg,http://isb.nu.edu.pk/Faculty/allfaculty//Faculty/Details/5823
10,6259,Ahmad Raza Shahid,Professor,-1,ahmadraza.shahid@nu.edu.pk ,Computing,-1,http://isb.nu.edu.pk/Faculty/allfaculty//Images/Profile/CS/6259.jpg,http://isb.nu.edu.pk/Faculty/allfaculty//Faculty/Details/6259
11,9214,Mirza Omer Beg,Professor,-1,omer.beg@nu.edu.pk,Computing,-1,http://isb.nu.edu.pk/Faculty/allfaculty//Images/Profile/CS/9214.jpg,http://isb.nu.edu.pk/Faculty/allfaculty//Faculty/Details/9214
12,6478,"Ahmad Din
",Associate Professor,-1,"ahmad.din@nu.edu.pk
",Computing,-1,http://isb.nu.edu.pk/Faculty/allfaculty//Images/Profile/CS/6478.jpg,http://isb.nu.edu.pk/Faculty/allfaculty//Faculty/Details/6478
13,6479,"Mohsin Bilal
",Associate Professor,-1,mohsin.bilal@nu.edu.pk,Computing,-1,http://isb.nu.edu.pk/Faculty/allfaculty//Images/Profile/CS/6479.jpg,http://isb.nu.edu.pk/Faculty/allfaculty//Faculty/Details/6479
14,6026,Mudassar Aslam,Associate Professor,-1,mudassar.aslam@nu.edu.pk,Computing,-1,http://isb.nu.edu.pk/Faculty/allfaculty//Images/Profile/CS/60262021-01-24_23.07.00.jpg,http://isb.nu.edu.pk/Faculty/allfaculty//Faculty/Details/6026
15,5791,Noreen Jamil ,Associate Professor,-1,noreen.jamil@nu.edu.pk,Computing,-1,http://isb.nu.edu.pk/Faculty/allfaculty//Images/Profile/CS/5791.jpg,http://isb.nu.edu.pk/Faculty/allfaculty//Faculty/Details/5791
16,6139,Akhtar Jamil,Associate Professor,-1,akhtar.jamil@nu.edu.pk,Computing,-1,http://isb.nu.edu.pk/Faculty/allfaculty//Images/Profile/CS/6139_20211001.jpg,http://isb.nu.edu.pk/Faculty/allfaculty//Faculty/Details/6139
17,5690,Shujaat Hussain Kausar,Associate Professor,-1,shujaat.hussain@nu.edu.pk,Computing,-1,http://isb.nu.edu.pk/Faculty/allfaculty//Images/Profile/CS/5690.jpg,http://isb.nu.edu.pk/Faculty/allfaculty//Faculty/Details/5690
18,5586,Khubaib Amjad ,Associate Professor,-1,khubaib.amjad@nu.edu.pk ,Computing,-1,http://isb.nu.edu.pk/Faculty/allfaculty//Images/Profile/CS/5586_20211001.jpg,http://isb.nu.edu.pk/Faculty/allfaculty//Faculty/Details/5586
19,5643,Kifayat Ullah Khan,Associate Professor,-1,kifayat.alizai@nu.edu.pk,Computing,-1,http://isb.nu.edu.pk/Faculty/allfaculty//Images/Profile/CS/5643.jpg,http://isb.nu.edu.pk/Faculty/allfaculty//Faculty/Details/5643
20,5249,Labiba Fahad,Associate Professor,-1,labiba.fahad@nu.edu.pk,Computing,-1,http://isb.nu.edu.pk/Faculty/allfaculty//Images/Profile/CS/5249.jpg,http://isb.nu.edu.pk/Faculty/allfaculty//Faculty/Details/5249
21,5196,Irum Inayat,Associate Professor,-1,irum.inayat@nu.edu.pk,Computing,-1,http://isb.nu.edu.pk/Faculty/allfaculty//Images/Profile/CS/5196.jpg,http://isb.nu.edu.pk/Faculty/allfaculty//Faculty/Details/5196
22,5200,"Usman Habib
",Associate Professor,-1,usman.habib@nu.edu.pk,Computing,-1,http://isb.nu.edu.pk/Faculty/allfaculty//Images/Profile/CS/5200.jpg,http://isb.nu.edu.pk/Faculty/allfaculty//Faculty/Details/5200
23,4708,Uzair Khan,Associate Professor,-1,uzair.khan@nu.edu.pk,Computing,-1,http://isb.nu.edu.pk/Faculty/allfaculty//Images/Profile/CS/4708.jpg,http://isb.nu.edu.pk/Faculty/allfaculty//Faculty/Details/4708
24,4894,Ejaz Ahmed,Associate Professor,-1,ejaz.ahmed@nu.edu.pk,Computing,-1,http://isb.nu.edu.pk/Faculty/allfaculty//Images/Profile/CS/4894.jpg,http://isb.nu.edu.pk/Faculty/allfaculty//Faculty/Details/4894
25,6297,Qaisar Shafi,Assistant Professor,-1,qaisar.shafi@nu.edu.pk ,Computing,-1,http://isb.nu.edu.pk/Faculty/allfaculty//Images/Profile/CS/6297.jpg,http://isb.nu.edu.pk/Faculty/allfaculty//Faculty/Details/6297
26,4401,Atif Aftab Ahmed Jilani,Assistant Professor,-1,atif.jilani@nu.edu.pk,Computing,-1,http://isb.nu.edu.pk/Faculty/allfaculty//Images/Profile/CS/4401.jpg,http://isb.nu.edu.pk/Faculty/allfaculty//Faculty/Details/4401
27,4549,Noor Ul Ain,Assistant Professor,-1,noorul.ain@nu.edu.pk,Computing,-1,http://isb.nu.edu.pk/Faculty/allfaculty//Images/Profile/CS/4549.jpg,http://isb.nu.edu.pk/Faculty/allfaculty//Faculty/Details/4549
28,3949,Mehreen Alam,Assistant Professor,-1,mehreen.alam@nu.edu.pk,Computing,-1,http://isb.nu.edu.pk/Faculty/allfaculty//Images/Profile/CS/3949.jpg,http://isb.nu.edu.pk/Faculty/allfaculty//Faculty/Details/3949
29,4129,Amna Basharat,Assistant Professor,-1,amna.basharat@nu.edu.pk,Computing,-1,http://isb.nu.edu.pk/Faculty/allfaculty//Images/Profile/CS/4129.jpg,http://isb.nu.edu.pk/Faculty/allfaculty//Faculty/Details/4129
30,4381,Jawad Hassan Nisar,Assistant Professor,-1,jawad.hassan@nu.edu.pk,Computing,-1,http://isb.nu.edu.pk/Faculty/allfaculty//Images/Profile/CS/4381.jpg,http://isb.nu.edu.pk/Faculty/allfaculty//Faculty/Details/4381
31,5250,Amna Irum,Assistant Professor,-1,amna.irum@nu.edu.pk,Computing,-1,http://isb.nu.edu.pk/Faculty/allfaculty//Images/Profile/CS/5250.jpg,http://isb.nu.edu.pk/Faculty/allfaculty//Faculty/Details/5250
32,5425,Muhammad Adnan Tariq,Assistant Professor,-1,muhammad.adnan@nu.edu.pk,Computing,-1,http://isb.nu.edu.pk/Faculty/allfaculty//Images/Profile/CS/5425.jpg,http://isb.nu.edu.pk/Faculty/allfaculty//Faculty/Details/5425
33,6131,Muhammad Muneeb Ullah ,Assistant Professor,-1,muneeb.ullah@nu.edu.pk ,Computing,-1,http://isb.nu.edu.pk/Faculty/allfaculty//Images/Profile/CS/6131_20211001.jpg,http://isb.nu.edu.pk/Faculty/allfaculty//Faculty/Details/6131
34,6134,"Uzair Iqbal
",Assistant Professor,-1,"uzair.iqbal@nu.edu.pk
",Computing,-1,http://isb.nu.edu.pk/Faculty/allfaculty//Images/Profile/CS/6134.jpg,http://isb.nu.edu.pk/Faculty/allfaculty//Faculty/Details/6134
35,6079,Behjat Zuhaira,Assistant Professor,-1,behjat.zuhaira@nu.edu.pk,Computing,-1,http://isb.nu.edu.pk/Faculty/allfaculty//Images/Profile/CS/60792021-04-21_08.47.08.JPG,http://isb.nu.edu.pk/Faculty/allfaculty//Faculty/Details/6079
36,5815,Amina Asif ,Assistant Professor,-1,amina.asif@nu.edu.pk,Computing,-1,http://isb.nu.edu.pk/Faculty/allfaculty//Images/Profile/CS/5815.jpg,http://isb.nu.edu.pk/Faculty/allfaculty//Faculty/Details/5815
37,5829,Muhammad Faisal Cheema,Assistant Professor,-1,faisal.cheema@nu.edu.pk,Computing,-1,http://isb.nu.edu.pk/Faculty/allfaculty//Images/Profile/CS/5829.jpg,http://isb.nu.edu.pk/Faculty/allfaculty//Faculty/Details/5829
38,5830,Subhan Ullah,Assistant Professor,-1,subhan.ullah@nu.edu.pk,Computing,-1,http://isb.nu.edu.pk/Faculty/allfaculty//Images/Profile/CS/5830.jpg,http://isb.nu.edu.pk/Faculty/allfaculty//Faculty/Details/5830
39,6032,Zainab Abaid,Assistant Professor,-1,zainab.abaid@nu.edu.pk,Computing,-1,http://isb.nu.edu.pk/Faculty/allfaculty//Images/Profile/CS/60322021-02-08_00.56.12.png,http://isb.nu.edu.pk/Faculty/allfaculty//Faculty/Details/6032
40,6579,"Ramoza Ahsan
",Assistant Professor,-1,"ramoza.ahsan@nu.edu.pk
",Computing,-1,http://isb.nu.edu.pk/Faculty/allfaculty//Images/Profile/CS/6579.jpg,http://isb.nu.edu.pk/Faculty/allfaculty//Faculty/Details/6579
41,6606,Isma ul Hassan,Assistant Professor,-1,isma.hassan@nu.edu.pk,Computing,-1,http://isb.nu.edu.pk/Faculty/allfaculty//Images/Profile/CS/6606.jpg,http://isb.nu.edu.pk/Faculty/allfaculty//Faculty/Details/6606
42,6283,Hassan sartaj ,Assistant Professor,-1,hassan.sartaj@nu.edu.pk ,Computing,-1,http://isb.nu.edu.pk/Faculty/allfaculty//Images/Profile/CS/6283.jpg,http://isb.nu.edu.pk/Faculty/allfaculty//Faculty/Details/6283
43,6405,"M. Ishtiaq
",Assistant Professor,-1,m.ishtiaq@nu.edu.pk,Computing,-1,http://isb.nu.edu.pk/Faculty/allfaculty//Images/Profile/CS/6405.jpg,http://isb.nu.edu.pk/Faculty/allfaculty//Faculty/Details/6405
44,9387,Javaria Imtiaz ,Assistant Professor,-1,javaria.imtiaz@nu.edu.pk,Computing,-1,http://isb.nu.edu.pk/Faculty/allfaculty//Images/Profile/CS/9387_20211001.jpg,http://isb.nu.edu.pk/Faculty/allfaculty//Faculty/Details/9387
45,9489,Shehreyar Rashid,Lecturer,-1,shehreyar.rashid@nu.edu.pk,Computing,-1,http://isb.nu.edu.pk/Faculty/allfaculty//Images/Profile/CS/9489.jpg,http://isb.nu.edu.pk/Faculty/allfaculty//Faculty/Details/9489
46,9242,"Shoaib Saleem Khattak
",Lecturer,-1,shoaib.saleem@nu.edu.pk,Computing,-1,http://isb.nu.edu.pk/Faculty/allfaculty//Images/Profile/CS/9242.jpg,http://isb.nu.edu.pk/Faculty/allfaculty//Faculty/Details/9242
47,6379,"Ansa Liaqat
",Lecturer,-1,"ansa.liaqat@nu.edu.pk
",Computing,-1,http://isb.nu.edu.pk/Faculty/allfaculty//Images/Profile/CS/6379.jpg,http://isb.nu.edu.pk/Faculty/allfaculty//Faculty/Details/6379
48,6296,Marium Hida ,Lecturer,-1,marium.hida@nu.edu.pk ,Computing,-1,http://isb.nu.edu.pk/Faculty/allfaculty//Images/Profile/CS/6296.jpg,http://isb.nu.edu.pk/Faculty/allfaculty//Faculty/Details/6296
49,6260,Maryam Shahbaz ,Lecturer,-1,maryam.shahbaz@nu.edu.pk,Computing,-1,http://isb.nu.edu.pk/Faculty/allfaculty//Images/Profile/CS/6260.jpg,http://isb.nu.edu.pk/Faculty/allfaculty//Faculty/Details/6260
50,6261,Bushra Amjad,Lecturer,-1,bushra.amjad@nu.edu.pk ,Computing,-1,http://isb.nu.edu.pk/Faculty/allfaculty//Images/Profile/CS/6261.jpg,http://isb.nu.edu.pk/Faculty/allfaculty//Faculty/Details/6261
51,6263,Laraib Afzaal,Lecturer,-1,laraib.afzaal@nu.edu.pk ,Computing,-1,http://isb.nu.edu.pk/Faculty/allfaculty//Images/Profile/CS/6263.jpg,http://isb.nu.edu.pk/Faculty/allfaculty//Faculty/Details/6263
52,6408,"Muhammad Abdullah Abid 
",Lecturer,-1,"abdullah.abid@nu.edu.pk
",Computing,-1,http://isb.nu.edu.pk/Faculty/allfaculty//Images/Profile/CS/6408.jpg,http://isb.nu.edu.pk/Faculty/allfaculty//Faculty/Details/6408
53,6438,Adil Majeed,Lecturer,-1,adil.majeed@nu.edu.pk,Computing,-1,http://isb.nu.edu.pk/Faculty/allfaculty//Images/Profile/CS/6438.jpg,http://isb.nu.edu.pk/Faculty/allfaculty//Faculty/Details/6438
54,6451,"Saira Qamar
",Lecturer,-1,saira.qamar@nu.edu.pk,Computing,-1,http://isb.nu.edu.pk/Faculty/allfaculty//Images/Profile/CS/6451.jpg,http://isb.nu.edu.pk/Faculty/allfaculty//Faculty/Details/6451
55,6609,Shahela Saif,Lecturer,-1,shahela.saif@nu.edu.pk,Computing,-1,http://isb.nu.edu.pk/Faculty/allfaculty//Images/Profile/CS/6609.jpg,http://isb.nu.edu.pk/Faculty/allfaculty//Faculty/Details/6609
56,6610,"Tajwar Mehmood
",Lecturer,-1,tajwar.mehmood@nu.edu.pk,Computing,-1,http://isb.nu.edu.pk/Faculty/allfaculty//Images/Profile/CS/6610.jpg,http://isb.nu.edu.pk/Faculty/allfaculty//Faculty/Details/6610
57,6613,"Nirmal Tariq
",Lecturer,-1,"nirmal.tariq@nu.edu.pk
",Computing,-1,http://isb.nu.edu.pk/Faculty/allfaculty//Images/Profile/CS/6613.jpg,http://isb.nu.edu.pk/Faculty/allfaculty//Faculty/Details/6613
58,6508,Zaheer ul Hussain Sani,Lecturer,-1,zaheer.sani@nu.edu.pk,Computing,-1,http://isb.nu.edu.pk/Faculty/allfaculty//Images/Profile/CS/6508.jpg,http://isb.nu.edu.pk/Faculty/allfaculty//Faculty/Details/6508
59,6528,"Muhammad Almas Khan
",Lecturer,-1,"muhammad.almas@nu.edu.pk
",Computing,-1,http://isb.nu.edu.pk/Faculty/allfaculty//Images/Profile/CS/6528.jpg,http://isb.nu.edu.pk/Faculty/allfaculty//Faculty/Details/6528
60,6529,"Mehmood ul Hassan
",Lecturer,-1,mehmood.hassan@nu.edu.pk,Computing,-1,http://isb.nu.edu.pk/Faculty/allfaculty//Images/Profile/CS/6529.jpg,http://isb.nu.edu.pk/Faculty/allfaculty//Faculty/Details/6529
61,6534,"Khadija Mahmood
",Lecturer,-1,"khadija.mahmood@nu.edu.pk
",Computing,-1,http://isb.nu.edu.pk/Faculty/allfaculty//Images/Profile/CS/6534.jpg,http://isb.nu.edu.pk/Faculty/allfaculty//Faculty/Details/6534
62,6067,Owais Idrees ,Lecturer,-1,Owais.idrees@nu.edu.pk ,Computing,-1,http://isb.nu.edu.pk/Faculty/allfaculty//Images/Profile/CS/6067.jpg,http://isb.nu.edu.pk/Faculty/allfaculty//Faculty/Details/6067
63,5825,Saba Kanwal,Lecturer,-1,Saba.Kanwal@nu.edu.pk,Computing,-1,http://isb.nu.edu.pk/Faculty/allfaculty//Images/Profile/CS/5825.jpg,http://isb.nu.edu.pk/Faculty/allfaculty//Faculty/Details/5825
64,5970,Maheen Arshad,Lecturer,-1,Maheen.Arshad@nu.edu.pk,Computing,-1,http://isb.nu.edu.pk/Faculty/allfaculty//Images/Profile/CS/59702020-09-03_02.13.07.jpg,http://isb.nu.edu.pk/Faculty/allfaculty//Faculty/Details/5970
65,5976,Sara Afzal,Lecturer,-1,Sara.Afzal@nu.edu.pk,Computing,-1,http://isb.nu.edu.pk/Faculty/allfaculty//Images/Profile/CS/59762020-09-03_02.12.04.jpg,http://isb.nu.edu.pk/Faculty/allfaculty//Faculty/Details/5976
66,5977,Syeda Farwa Batool,Lecturer,-1,Syeda.Batool@nu.edu.pk,Computing,-1,http://isb.nu.edu.pk/Faculty/allfaculty//Images/Profile/CS/59772020-09-03_02.11.33.png,http://isb.nu.edu.pk/Faculty/allfaculty//Faculty/Details/5977
67,5981,Ifrah Qaiser,Lecturer,-1,ifrah.qaiser@nu.edu.pk,Computing,-1,http://isb.nu.edu.pk/Faculty/allfaculty//Images/Profile/CS/5981_20211001.jpg,http://isb.nu.edu.pk/Faculty/allfaculty//Faculty/Details/5981
68,5876,Shafaq Riaz Bhatti,Lecturer,-1,shafaq.riaz@nu.edu.pk,Computing,-1,http://isb.nu.edu.pk/Faculty/allfaculty//Images/Profile/CS/5876.jpg,http://isb.nu.edu.pk/Faculty/allfaculty//Faculty/Details/5876
69,5880,Ayesha Kamran,Lecturer,-1,ayesha.kamran@nu.edu.pk,Computing,-1,http://isb.nu.edu.pk/Faculty/allfaculty//Images/Profile/CS/5880.jpg,http://isb.nu.edu.pk/Faculty/allfaculty//Faculty/Details/5880
70,5883,Parisa Salma,Lecturer,-1,parisa.salma@nu.edu.pk,Computing,-1,http://isb.nu.edu.pk/Faculty/allfaculty//Images/Profile/CS/5883.JPG,http://isb.nu.edu.pk/Faculty/allfaculty//Faculty/Details/5883
71,5793,Ameen Chilwan,Lecturer,-1,ameen.chilwan@nu.edu.pk,Computing,-1,http://isb.nu.edu.pk/Faculty/allfaculty//Images/Profile/CS/5793.jpg,http://isb.nu.edu.pk/Faculty/allfaculty//Faculty/Details/5793
72,6109,Hina Binte Haq,Lecturer,-1,hina.haq@nu.edu.pk ,Computing,-1,http://isb.nu.edu.pk/Faculty/allfaculty//Images/Profile/CS/6109_20211001.jpg,http://isb.nu.edu.pk/Faculty/allfaculty//Faculty/Details/6109
73,6110,Urooj Ghani,Lecturer,-1,urooj.ghani@nu.edu.pk,Computing,-1,http://isb.nu.edu.pk/Faculty/allfaculty//Images/Profile/CS/6110_20211001.jpg,http://isb.nu.edu.pk/Faculty/allfaculty//Faculty/Details/6110
74,6229,Nimra Shahid ,Lecturer,-1,nimra.shahid@nu.edu.pk ,Computing,-1,http://isb.nu.edu.pk/Faculty/allfaculty//Images/Profile/CS/6229.jpg,http://isb.nu.edu.pk/Faculty/allfaculty//Faculty/Details/6229
75,6244,Irfan Ullah ,Lecturer,-1,irfan.ullah@nu.edu.pk,Computing,-1,http://isb.nu.edu.pk/Faculty/allfaculty//Images/Profile/CS/6244.jpg,http://isb.nu.edu.pk/Faculty/allfaculty//Faculty/Details/6244
76,6247,Pir Sami Ullah Shah ,Lecturer,-1,samiullah.shah@nu.edu.pk,Computing,-1,http://isb.nu.edu.pk/Faculty/allfaculty//Images/Profile/CS/6247.jpg,http://isb.nu.edu.pk/Faculty/allfaculty//Faculty/Details/6247
77,6248,Mehreen Javaid ,Lecturer,-1,mehreen.javaid@nu.edu.pk ,Computing,-1,http://isb.nu.edu.pk/Faculty/allfaculty//Images/Profile/CS/6248.jpg,http://isb.nu.edu.pk/Faculty/allfaculty//Faculty/Details/6248
78,5465,Majid Hussain,Lecturer,-1,majid.hussain@nu.edu.pk,Computing,-1,http://isb.nu.edu.pk/Faculty/allfaculty//Images/Profile/CS/5465.jpg,http://isb.nu.edu.pk/Faculty/allfaculty//Faculty/Details/5465
79,5537,Sidra Khalid,Lecturer,-1,sidra.khalid@nu.edu.pk,Computing,-1,http://isb.nu.edu.pk/Faculty/allfaculty//Images/Profile/CS/5537.jpg,http://isb.nu.edu.pk/Faculty/allfaculty//Faculty/Details/5537
80,5687,Shams Farooq,Lecturer,-1,shams.farooq@nu.edu.pk,Computing,-1,http://isb.nu.edu.pk/Faculty/allfaculty//Images/Profile/CS/5687.jpg,http://isb.nu.edu.pk/Faculty/allfaculty//Faculty/Details/5687
81,5691,Uzma Mahar,Lecturer,-1,uzma.mahar@nu.edu.pk,Computing,-1,http://isb.nu.edu.pk/Faculty/allfaculty//Images/Profile/CS/5691.JPG,http://isb.nu.edu.pk/Faculty/allfaculty//Faculty/Details/5691
82,5692,Syed M.Saad Salman,Lecturer,-1,saad.salman@nu.edu.pk,Computing,-1,http://isb.nu.edu.pk/Faculty/allfaculty//Images/Profile/CS/5692.jpg,http://isb.nu.edu.pk/Faculty/allfaculty//Faculty/Details/5692
83,5693,Bilal Khalid Dar,Lecturer,-1,bilal.khalid@nu.edu.pk,Computing,-1,http://isb.nu.edu.pk/Faculty/allfaculty//Images/Profile/CS/5693.jpg,http://isb.nu.edu.pk/Faculty/allfaculty//Faculty/Details/5693
84,5694,Shehr Bano,Lecturer,-1,shehr.bano@nu.edu.pk,Computing,-1,http://isb.nu.edu.pk/Faculty/allfaculty//Images/Profile/CS/5694.JPG,http://isb.nu.edu.pk/Faculty/allfaculty//Faculty/Details/5694
85,5704,Madiha Umar,Lecturer,-1,madiha.umar@nu.edu.pk,Computing,-1,http://isb.nu.edu.pk/Faculty/allfaculty//Images/Profile/CS/5704.jpg,http://isb.nu.edu.pk/Faculty/allfaculty//Faculty/Details/5704
86,5723,Humera Sabir,Lecturer,-1,humera.sabir@nu.edu.pk,Computing,-1,http://isb.nu.edu.pk/Faculty/allfaculty//Images/Profile/CS/5723.jpg,http://isb.nu.edu.pk/Faculty/allfaculty//Faculty/Details/5723
87,5790,Umair Arshad,Lecturer,-1,umair.arshad@nu.edu.pk,Computing,-1,http://isb.nu.edu.pk/Faculty/allfaculty//Images/Profile/CS/5790.jpg,http://isb.nu.edu.pk/Faculty/allfaculty//Faculty/Details/5790
88,5201,Hassan Raza,Lecturer,-1,hassan.raza@nu.edu.pk,Computing,-1,http://isb.nu.edu.pk/Faculty/allfaculty//Images/Profile/CS/5201.jpg,http://isb.nu.edu.pk/Faculty/allfaculty//Faculty/Details/5201
89,5212,Shoaib Mehboob,Lecturer,-1,shoaib.mehboob@nu.edu.pk,Computing,-1,http://isb.nu.edu.pk/Faculty/allfaculty//Images/Profile/CS/5212.jpg,http://isb.nu.edu.pk/Faculty/allfaculty//Faculty/Details/5212
90,6249,Javeria Zia ,Instructor,-1,javeria.zia@nu.edu.pk,Computing,-1,http://isb.nu.edu.pk/Faculty/allfaculty//Images/Profile/CS/6249.jpg,http://isb.nu.edu.pk/Faculty/allfaculty//Faculty/Details/6249
91,6252,Hira Mastoor ,Instructor,-1,hira.mastoor@nu.edu.pk,Computing,-1,http://isb.nu.edu.pk/Faculty/allfaculty//Images/Profile/CS/6252.jpg,http://isb.nu.edu.pk/Faculty/allfaculty//Faculty/Details/6252
92,6245,M Naveed Khurshid,Instructor,-1,naveed.khurshid@nu.edu.pk ,Computing,-1,http://isb.nu.edu.pk/Faculty/allfaculty//Images/Profile/CS/6245.jpg,http://isb.nu.edu.pk/Faculty/allfaculty//Faculty/Details/6245
93,6246,Muhammad Nasir Zafar,Instructor,-1,nasir.zafar@nu.edu.pk ,Computing,-1,http://isb.nu.edu.pk/Faculty/allfaculty//Images/Profile/CS/6246.jpg,http://isb.nu.edu.pk/Faculty/allfaculty//Faculty/Details/6246
94,6240,Muhammad Hanan ,Instructor,-1,muhammad.hanan@nu.edu.pk,Computing,-1,http://isb.nu.edu.pk/Faculty/allfaculty//Images/Profile/CS/6240.jpg,http://isb.nu.edu.pk/Faculty/allfaculty//Faculty/Details/6240
95,6243,Arslan Aslam,Instructor,-1,arslan.aslam@nu.edu.pk ,Computing,-1,http://isb.nu.edu.pk/Faculty/allfaculty//Images/Profile/CS/6243.jpg,http://isb.nu.edu.pk/Faculty/allfaculty//Faculty/Details/6243
96,6111,Sana Razzaq ,Instructor,-1,sana.razzaq@nu.edu.pk,Computing,-1,http://isb.nu.edu.pk/Faculty/allfaculty//Images/Profile/CS/6111_20211001.jpg,http://isb.nu.edu.pk/Faculty/allfaculty//Faculty/Details/6111
97,6123,Riva Malik ,Instructor,-1,riva.malik@nu.edu.pk,Computing,-1,http://isb.nu.edu.pk/Faculty/allfaculty//Images/Profile/CS/6123_20211001.jpg,http://isb.nu.edu.pk/Faculty/allfaculty//Faculty/Details/6123
98,6143,Amina Siddique ,Instructor,-1,amina.siddique@nu.edu.pk,Computing,-1,http://isb.nu.edu.pk/Faculty/allfaculty//Images/Profile/CS/6143_20211001.jpg,http://isb.nu.edu.pk/Faculty/allfaculty//Faculty/Details/6143
99,6159,Amna Hassan,Instructor,-1,amna.hassan@nu.edu.pk,Computing,-1,http://isb.nu.edu.pk/Faculty/allfaculty//Images/Profile/CS/6159_20211001.jpg,http://isb.nu.edu.pk/Faculty/allfaculty//Faculty/Details/6159
100,6521,"Laiba Imran
",Instructor,-1,laiba.imran@nu.edu.pk,Computing,-1,http://isb.nu.edu.pk/Faculty/allfaculty//Images/Profile/CS/6521.jpg,http://isb.nu.edu.pk/Faculty/allfaculty//Faculty/Details/6521
101,6262,Salman Iqbal ,Instructor,-1,salman.iqbal@nu.edu.pk ,Computing,-1,http://isb.nu.edu.pk/Faculty/allfaculty//Images/Profile/CS/6262.jpg,http://isb.nu.edu.pk/Faculty/allfaculty//Faculty/Details/6262
102,6384,Zoya Sumbul Zaheer,Instructor,-1,zoya.sumbul@nu.edu.pk,Computing,-1,http://isb.nu.edu.pk/Faculty/allfaculty//Images/Profile/CS/6384.jpg,http://isb.nu.edu.pk/Faculty/allfaculty//Faculty/Details/6384
103,6385,"Sunduss Aamir Khan
",Instructor,-1,sunduss.aamir@nu.edu.pk,Computing,-1,http://isb.nu.edu.pk/Faculty/allfaculty//Images/Profile/CS/6385.jpg,http://isb.nu.edu.pk/Faculty/allfaculty//Faculty/Details/6385
104,6387,Sadia Saad,Instructor,-1,sadia.saad@nu.edu.pk,Computing,-1,http://isb.nu.edu.pk/Faculty/allfaculty//Images/Profile/CS/6387.jpg,http://isb.nu.edu.pk/Faculty/allfaculty//Faculty/Details/6387
105,6388,Bushra Fatima Tariq,Instructor,-1,bushra.fatima@nu.edu.pk,Computing,-1,http://isb.nu.edu.pk/Faculty/allfaculty//Images/Profile/CS/6388.jpg,http://isb.nu.edu.pk/Faculty/allfaculty//Faculty/Details/6388
106,6406,"Sher Bano
",Instructor,-1,"sher.bano@nu.edu.pk 
",Computing,-1,http://isb.nu.edu.pk/Faculty/allfaculty//Images/Profile/CS/6406.jpg,http://isb.nu.edu.pk/Faculty/allfaculty//Faculty/Details/6406
107,6375,Hummayoun Mustafa Mazhar ,Instructor,-1,hummayoun.mustafa@nu.edu.pk,Computing,-1,http://isb.nu.edu.pk/Faculty/allfaculty//Images/Profile/CS/6375.jpg,http://isb.nu.edu.pk/Faculty/allfaculty//Faculty/Details/6375
108,6377,"Obaid Ullah
",Instructor,-1,"obaid Ullah@nu.edu.pk
",Computing,-1,http://isb.nu.edu.pk/Faculty/allfaculty//Images/Profile/CS/6377.jpg,http://isb.nu.edu.pk/Faculty/allfaculty//Faculty/Details/6377
109,5677,Neelofar Niazi ,Assistant Manager (Coordination),-1,neelofar.niazi@nu.edu.pk,Computing,-1,http://isb.nu.edu.pk/Faculty/allfaculty//Images/Profile/CS/5677.jpg,http://isb.nu.edu.pk/Faculty/allfaculty//Faculty/Details/5677
110,5393,Fahad Shahzad,Academic Officer,-1,fahad.shahzad@nu.edu.pk,Computing,-1,http://isb.nu.edu.pk/Faculty/allfaculty//Images/Profile/CS/5393.jpg,http://isb.nu.edu.pk/Faculty/allfaculty//Faculty/Details/5393
111,4154,Shakeel Ahmed Kiyani,Academic Officer,-1,shakeel.kiyani@nu.edu.pk,Computing,-1,http://isb.nu.edu.pk/Faculty/allfaculty//Images/Profile/CS/4154.jpg,http://isb.nu.edu.pk/Faculty/allfaculty//Faculty/Details/4154
112,5774,Abdul Qadoos,Academic Officer,-1,abdul.qadoos@nu.edu.pk,Computing,-1,http://isb.nu.edu.pk/Faculty/allfaculty//Images/Profile/FSM/57742021-04-22_14.13.10.png,http://isb.nu.edu.pk/Faculty/allfaculty//Faculty/Details/5774
113,5582,Amir Rehman,Academic Officer,-1,amir.rehman@nu.edu.pk,Computing,-1,http://isb.nu.edu.pk/Faculty/allfaculty//Images/Profile/CS/5582.jpg,http://isb.nu.edu.pk/Faculty/allfaculty//Faculty/Details/5582
114,5912,Baber Shahzad,Assistant Academic Officer,-1,baber.shahzad@nu.edu.pk,Computing,-1,http://isb.nu.edu.pk/Faculty/allfaculty//Images/Profile/CS/5912.jpg,http://isb.nu.edu.pk/Faculty/allfaculty//Faculty/Details/5912
115,5922,Ayesha Yaqub Malik,Assistant Academic Officer,-1,ayesha.yaqub@nu.edu.pk,Computing,-1,http://isb.nu.edu.pk/Faculty/allfaculty//Images/Profile/CS/59222021-04-27_09.55.26.jpg,http://isb.nu.edu.pk/Faculty/allfaculty//Faculty/Details/5922
116,6683,"Imran Ashraf
",Assistant Professor,-1,"imran.ashraf@isb.nu.edu.pk
",Computing,-1,http://isb.nu.edu.pk/Faculty/allfaculty//Images/Profile/CS/6683.jpg,http://isb.nu.edu.pk/Faculty/allfaculty//Faculty/Details/6683
117,6527,"Madiha khan
",Department Secretary,-1,madiha.khan@nu.edu.pk,Computing,-1,http://isb.nu.edu.pk/Faculty/allfaculty//Images/Profile/CS/6527.jpg,http://isb.nu.edu.pk/Faculty/allfaculty//Faculty/Details/6527
118,6540,"Nayab Razzaq
",Department Secretary,-1,nayab.razzaq@nu.edu.pk,Computing,-1,http://isb.nu.edu.pk/Faculty/allfaculty//Images/Profile/CS/6540.jpg,http://isb.nu.edu.pk/Faculty/allfaculty//Faculty/Details/6540
119,6350,"Muhammad Aadil
",Assistant Academic Officer,-1,m.aadil@nu.edu.pk,Computing,-1,http://isb.nu.edu.pk/Faculty/allfaculty//Images/Profile/CS/6350.jpg,http://isb.nu.edu.pk/Faculty/allfaculty//Faculty/Details/6350
120,6351,"Syed Shaharyar Yousaf
",Assistant Academic Officer,-1,"Shaharyar.yousaf@nu.edu.pk
",Computing,-1,http://isb.nu.edu.pk/Faculty/allfaculty//Images/Profile/CS/6351.jpg,http://isb.nu.edu.pk/Faculty/allfaculty//Faculty/Details/6351
121,4848,"Muhammad Tariq
",HOD & Professor,-1,tariq.khan@nu.edu.pk,Computing,-1,http://isb.nu.edu.pk/Faculty/allfaculty//Images/Profile/CS/4848.jpg,http://isb.nu.edu.pk/Faculty/allfaculty//Faculty/Details/4848
122,5004,Waseem Ikram,Professor,-1,waseem.ikram@nu.edu.pk,Computing,-1,http://isb.nu.edu.pk/Faculty/allfaculty//Images/Profile/EE/5004.jpg,http://isb.nu.edu.pk/Faculty/allfaculty//Faculty/Details/5004
123,5522,Mukhtar Ullah,Professor,-1,mukhtar.ullah@nu.edu.pk,Computing,-1,http://isb.nu.edu.pk/Faculty/allfaculty//Images/Profile/EE/5522.jpg,http://isb.nu.edu.pk/Faculty/allfaculty//Faculty/Details/5522
124,5619,Rashad Ramzan,Professor,-1,rashad.ramzan@nu.edu.pk,Computing,-1,http://isb.nu.edu.pk/Faculty/allfaculty//Images/Profile/EE/5619.jpg,http://isb.nu.edu.pk/Faculty/allfaculty//Faculty/Details/5619
125,9150,Ataul Aziz Ikram,Professor,-1,ata.ikram@nu.edu.pk,Computing,-1,http://isb.nu.edu.pk/Faculty/allfaculty//Images/Profile/EE/9150.jpg,http://isb.nu.edu.pk/Faculty/allfaculty//Faculty/Details/9150
126,6390,Niaz Ahmed,Associate Professor,-1,niaz.ahmed@nu.edu.pk,Computing,-1,http://isb.nu.edu.pk/Faculty/allfaculty//Images/Profile/EE/6390.jpg,http://isb.nu.edu.pk/Faculty/allfaculty//Faculty/Details/6390
127,4278,Arshad Hassan Khan,Associate Professor,-1,arshad.hassan@nu.edu.pk,Computing,-1,http://isb.nu.edu.pk/Faculty/allfaculty//Images/Profile/EE/4278.jpg,http://isb.nu.edu.pk/Faculty/allfaculty//Faculty/Details/4278
128,4283,Aamer Hafeez,Assistant Professor,-1,aamer.hafeez@nu.edu.pk,Computing,-1,http://isb.nu.edu.pk/Faculty/allfaculty//Images/Profile/EE/4283.jpg,http://isb.nu.edu.pk/Faculty/allfaculty//Faculty/Details/4283
129,4340,Sana Hassan,Assistant Professor,-1,sana.hassan@nu.edu.pk,Computing,-1,http://isb.nu.edu.pk/Faculty/allfaculty//Images/Profile/EE/4340.jpg,http://isb.nu.edu.pk/Faculty/allfaculty//Faculty/Details/4340
130,3441,Aamer Munir,Assistant Professor,-1,aamer.munir@nu.edu.pk,Computing,-1,http://isb.nu.edu.pk/Faculty/allfaculty//Images/Profile/EE/3441.jpg,http://isb.nu.edu.pk/Faculty/allfaculty//Faculty/Details/3441
131,3625,Farhan Khalid,Assistant Professor,-1,farhan.khalid@nu.edu.pk,Computing,-1,http://isb.nu.edu.pk/Faculty/allfaculty//Images/Profile/EE/3625.jpg,http://isb.nu.edu.pk/Faculty/allfaculty//Faculty/Details/3625
132,3707,Azhar Rauf,Assistant Professor,-1,azhar.rauf@nu.edu.pk,Computing,-1,http://isb.nu.edu.pk/Faculty/allfaculty//Images/Profile/EE/3707.jpg,http://isb.nu.edu.pk/Faculty/allfaculty//Faculty/Details/3707
133,3730,Shahid Qureshi,Assistant Professor,-1,shahid.qureshi@nu.edu.pk,Computing,-1,http://isb.nu.edu.pk/Faculty/allfaculty//Images/Profile/EE/3730.jpg,http://isb.nu.edu.pk/Faculty/allfaculty//Faculty/Details/3730
134,4141,Muhammad Saeed,Assistant Professor,-1,muhammad.saeed@nu.edu.pk,Computing,-1,http://isb.nu.edu.pk/Faculty/allfaculty//Images/Profile/EE/4141.jpg,http://isb.nu.edu.pk/Faculty/allfaculty//Faculty/Details/4141
135,4738,Shahzad Saleem,Assistant Professor,-1,shahzad.saleem@nu.edu.pk,Computing,-1,http://isb.nu.edu.pk/Faculty/allfaculty//Images/Profile/EE/4738.jpg,http://isb.nu.edu.pk/Faculty/allfaculty//Faculty/Details/4738
136,3844,Shehzad Ahmad,Assistant Professor,-1,shehzad.ahmad@nu.edu.pk,Computing,-1,http://isb.nu.edu.pk/Faculty/allfaculty//Images/Profile/EE/3844.jpg,http://isb.nu.edu.pk/Faculty/allfaculty//Faculty/Details/3844
137,3990,M. Ibrar Khan,Assistant Professor,-1,ibrar.khan@nu.edu.pk,Computing,-1,http://isb.nu.edu.pk/Faculty/allfaculty//Images/Profile/EE/3990.jpg,http://isb.nu.edu.pk/Faculty/allfaculty//Faculty/Details/3990
138,4518,Waqas Bin Abbas,Assistant Professor,-1,waqas.abbas@nu.edu.pk,Computing,-1,http://isb.nu.edu.pk/Faculty/allfaculty//Images/Profile/EE/4518.jpg,http://isb.nu.edu.pk/Faculty/allfaculty//Faculty/Details/4518
139,5620,Muhammad Jafar,Assistant Professor,-1,muhammad.jafar@nu.edu.pk,Computing,-1,http://isb.nu.edu.pk/Faculty/allfaculty//Images/Profile/EE/5620.jpg,http://isb.nu.edu.pk/Faculty/allfaculty//Faculty/Details/5620
140,5953,Hassan Saif,Assistant Professor,-1,hassan.saif@nu.edu.pk,Computing,-1,http://isb.nu.edu.pk/Faculty/allfaculty//Images/user/avatar_2x.png,http://isb.nu.edu.pk/Faculty/allfaculty//Faculty/Details/5953
141,5055,Sana Saleh,Lecturer,-1,sana.saleh@nu.edu.pk,Computing,-1,http://isb.nu.edu.pk/Faculty/allfaculty//Images/Profile/EE/5055.jpg,http://isb.nu.edu.pk/Faculty/allfaculty//Faculty/Details/5055
142,9136,Moomal Bukhari,Lecturer,-1,moomal.bukhari@nu.edu.pk,Computing,-1,http://isb.nu.edu.pk/Faculty/allfaculty//Images/Profile/EE/9136.jpg,http://isb.nu.edu.pk/Faculty/allfaculty//Faculty/Details/9136
143,9389,Maria Nasir,Lecturer,-1,maria.nasir@nu.edu.pk,Computing,-1,http://isb.nu.edu.pk/Faculty/allfaculty//Images/Profile/EE/9389.jpg,http://isb.nu.edu.pk/Faculty/allfaculty//Faculty/Details/9389
144,5502,Ifrah Maqsood,Lab Engineer,-1,ifrah.maqsood@nu.edu.pk,Computing,-1,http://isb.nu.edu.pk/Faculty/allfaculty//Images/Profile/EE/5502.jpg,http://isb.nu.edu.pk/Faculty/allfaculty//Faculty/Details/5502
145,4669,Fakhar Abbas,Lab Engineer,-1,fakhar.abbas@nu.edu.pk,Computing,-1,http://isb.nu.edu.pk/Faculty/allfaculty//Images/Profile/EE/4669.jpg,http://isb.nu.edu.pk/Faculty/allfaculty//Faculty/Details/4669
146,5391,Soha Saqib,Assistant Manager Academics,-1,soha.saqib@nu.edu.pk,Computing,-1,http://isb.nu.edu.pk/Faculty/allfaculty//Images/Profile/EE/5391.jpg,http://isb.nu.edu.pk/Faculty/allfaculty//Faculty/Details/5391
147,5030,Kashif Islam,Assistant Manager (EE Labs),-1,kashif.islam@nu.edu.pk,Computing,-1,http://isb.nu.edu.pk/Faculty/allfaculty//Images/Profile/EE/5030.jpg,http://isb.nu.edu.pk/Faculty/allfaculty//Faculty/Details/5030
148,4133,M. Atif Baig,Deputy Manager (Coordination),-1,atif.baig@nu.edu.pk,Computing,-1,http://isb.nu.edu.pk/Faculty/allfaculty//Images/Profile/EE/4133.jpg,http://isb.nu.edu.pk/Faculty/allfaculty//Faculty/Details/4133
149,4737,Ahsan Iqbal Khan,Lab Supervisor,-1,Ahsan.iqbal@nu.edu.pk,Computing,-1,http://isb.nu.edu.pk/Faculty/allfaculty//Images/Profile/EE/4737.jpg,http://isb.nu.edu.pk/Faculty/allfaculty//Faculty/Details/4737
150,4456,Saqib Shahbaz Raja,Lab Supervisor,-1,saqib.shahbaz@nu.edu.pk,Computing,-1,http://isb.nu.edu.pk/Faculty/allfaculty//Images/Profile/EE/4456.jpg,http://isb.nu.edu.pk/Faculty/allfaculty//Faculty/Details/4456
151,9199,Muhammad Younas,Lab Supervisor,-1,muhammad.younas@nu.edu.pk,Computing,-1,http://isb.nu.edu.pk/Faculty/allfaculty//Images/Profile/EE/9199.jpg,http://isb.nu.edu.pk/Faculty/allfaculty//Faculty/Details/9199
152,5376,Ghulam Nabi,Lab Technician ,-1,ghulam.nabi@nu.edu.pk,Computing,-1,http://isb.nu.edu.pk/Faculty/allfaculty//Images/Profile/EE/5376.jpg,http://isb.nu.edu.pk/Faculty/allfaculty//Faculty/Details/5376
153,4455,Rizwan Javed,Lab Assistant,-1,rizwan.javed@nu.edu.pk,Computing,-1,http://isb.nu.edu.pk/Faculty/allfaculty//Images/Profile/EE/4455.jpg,http://isb.nu.edu.pk/Faculty/allfaculty//Faculty/Details/4455
154,5288,Uzair Uddin Farooqi ,Academic Officer,-1,uzair.farooqi@nu.edu.pk,Computing,-1,http://isb.nu.edu.pk/Faculty/allfaculty//Images/Profile/EE/5288.jpg,http://isb.nu.edu.pk/Faculty/allfaculty//Faculty/Details/5288
155,3739,Muhammad Tariq,Assistant Academic Officer,-1,malik.tariq@nu.edu.pk,Computing,-1,http://isb.nu.edu.pk/Faculty/allfaculty//Images/Profile/EE/3739.jpg,http://isb.nu.edu.pk/Faculty/allfaculty//Faculty/Details/3739
156,6376,"Nimra Fatima
",Lab Engineer,-1,nimra.fatima@nu.edu.pk,Computing,-1,http://isb.nu.edu.pk/Faculty/allfaculty//Images/Profile/CS/6376.jpg,http://isb.nu.edu.pk/Faculty/allfaculty//Faculty/Details/6376
157,3813,Sadia Nadeem,HOD & Professor,-1,sadia.nadeem@nu.edu.pk,Computing,-1,"http://isb.nu.edu.pk/Faculty/allfaculty//Images/Profile/FSM/38132020-05-20, 23.16.54.jpg",http://isb.nu.edu.pk/Faculty/allfaculty//Faculty/Details/3813
158,9490,Ayub Siddiqui,Professor (Dean Faculty of FSM),-1,ayub.siddiqui@nu.edu.pk,Computing,-1,http://isb.nu.edu.pk/Faculty/allfaculty//Images/Profile/FSM/9490.jpg,http://isb.nu.edu.pk/Faculty/allfaculty//Faculty/Details/9490
159,5615,Haider Ali,Associate Professor,-1,haider.ali@nu.edu.pk,Computing,-1,http://isb.nu.edu.pk/Faculty/allfaculty//Images/Profile/FSM/5615.jpg,http://isb.nu.edu.pk/Faculty/allfaculty//Faculty/Details/5615
160,5616,Adnan Shoaib,Associate Professor,-1,adnan.shoaib@nu.edu.pk,Computing,-1,http://isb.nu.edu.pk/Faculty/allfaculty//Images/Profile/FSM/5616.jpg,http://isb.nu.edu.pk/Faculty/allfaculty//Faculty/Details/5616
161,9488,Muhammad Abbas,Associate Professor,-1,muhammad.abbas@nu.edu.pk,Computing,-1,http://isb.nu.edu.pk/Faculty/allfaculty//Images/Profile/FSM/9488.jpg,http://isb.nu.edu.pk/Faculty/allfaculty//Faculty/Details/9488
162,6043,Muhammad Yasir ,Assistant Professor,-1,m.yasir@nu.edu.pk,Computing,-1,http://isb.nu.edu.pk/Faculty/allfaculty//Images/Profile/FSM/6443.jpg,http://isb.nu.edu.pk/Faculty/allfaculty//Faculty/Details/6043
163,9133,Falak Khan,Assistant Professor,-1,falak.khan@nu.edu.pk,Computing,-1,http://isb.nu.edu.pk/Faculty/allfaculty//Images/Profile/FSM/9133.jpg,http://isb.nu.edu.pk/Faculty/allfaculty//Faculty/Details/9133
164,9141,Shuja ul Islam,Assistant Professor,-1,shujaul.islam@nu.edu.pk,Computing,-1,http://isb.nu.edu.pk/Faculty/allfaculty//Images/Profile/FSM/9141.jpg,http://isb.nu.edu.pk/Faculty/allfaculty//Faculty/Details/9141
165,9151,Usman Zafar Chaudhry,Assistant Professor,-1,usman.chaudhry@nu.edu.pk,Computing,-1,http://isb.nu.edu.pk/Faculty/allfaculty//Images/Profile/FSM/9151.JPG,http://isb.nu.edu.pk/Faculty/allfaculty//Faculty/Details/9151
166,9337,Hammad Majeed,Assistant Professor,-1,h.majeed@nu.edu.pk,Computing,-1,http://isb.nu.edu.pk/Faculty/allfaculty//Images/Profile/FSM/9337.jpg,http://isb.nu.edu.pk/Faculty/allfaculty//Faculty/Details/9337
167,4398,Sarah Khan,Assistant Professor,-1,sara.khan@nu.edu.pk,Computing,-1,http://isb.nu.edu.pk/Faculty/allfaculty//Images/Profile/FSM/43982020-06-10_22.10.51.jpg,http://isb.nu.edu.pk/Faculty/allfaculty//Faculty/Details/4398
168,4589,Ayesha Bano,Assistant Professor,-1,ayesha.bano@nu.edu.pk,Computing,-1,http://isb.nu.edu.pk/Faculty/allfaculty//Images/Profile/FSM/4589.jpg,http://isb.nu.edu.pk/Faculty/allfaculty//Faculty/Details/4589
169,5197,Aftab Bhatti,Assistant Professor,-1,aftab.bhatti@nu.edu.pk,Computing,-1,"http://isb.nu.edu.pk/Faculty/allfaculty//Images/Profile/FSM/51972020-05-31, 22.05.10.jpg",http://isb.nu.edu.pk/Faculty/allfaculty//Faculty/Details/5197
170,5331,Abdul Wahab,Assistant Professor,-1,abdulwahab@nu.edu.pk,Computing,-1,"http://isb.nu.edu.pk/Faculty/allfaculty//Images/Profile/FSM/53312020-05-29, 06.03.08.jpg",http://isb.nu.edu.pk/Faculty/allfaculty//Faculty/Details/5331
171,5332,Muhammad Akhtar,Assistant Professor,-1,muhammad.akhtar@nu.edu.pk,Computing,-1,http://isb.nu.edu.pk/Faculty/allfaculty//Images/Profile/FSM/5332.jpg,http://isb.nu.edu.pk/Faculty/allfaculty//Faculty/Details/5332
172,5333,Muhammad Bilal Saeed,Assistant Professor,-1,bilalsaeed@nu.edu.pk,Computing,-1,http://isb.nu.edu.pk/Faculty/allfaculty//Images/Profile/FSM/5333.jpg,http://isb.nu.edu.pk/Faculty/allfaculty//Faculty/Details/5333
173,5357,Muhammad Hassaan ,Assistant Professor,-1,muhammad.hassaan@nu.edu.pk,Computing,-1,http://isb.nu.edu.pk/Faculty/allfaculty//Images/Profile/FSM/5357.jpg,http://isb.nu.edu.pk/Faculty/allfaculty//Faculty/Details/5357
174,5441,Amna Arsalan Farooqui,Assistant Professor,-1,amna.farooqui@nu.edu.pk,Computing,-1,http://isb.nu.edu.pk/Faculty/allfaculty//Images/Profile/FSM/5441.jpg,http://isb.nu.edu.pk/Faculty/allfaculty//Faculty/Details/5441
175,5334,Rehan Aftab,Lecturer,-1,rehan.aftab@nu.edu.pk,Computing,-1,http://isb.nu.edu.pk/Faculty/allfaculty//Images/Profile/FSM/53342020-06-15_08.48.17.jpg,http://isb.nu.edu.pk/Faculty/allfaculty//Faculty/Details/5334
176,5247,Danial Hasan,Lecturer,-1,danial.hassan@nu.edu.pk,Computing,-1,http://isb.nu.edu.pk/Faculty/allfaculty//Images/Profile/FSM/5247.jpg,http://isb.nu.edu.pk/Faculty/allfaculty//Faculty/Details/5247
177,5093,Sidra Abbas,Lecturer,-1,sidra.abbas@nu.edu.pk,Computing,-1,http://isb.nu.edu.pk/Faculty/allfaculty//Images/Profile/FSM/5093.jpg,http://isb.nu.edu.pk/Faculty/allfaculty//Faculty/Details/5093
178,5141,Saifullah Khan,Lecturer,-1,saifullah.khan@nu.edu.pk,Computing,-1,http://isb.nu.edu.pk/Faculty/allfaculty//Images/Profile/FSM/5141.jpg,http://isb.nu.edu.pk/Faculty/allfaculty//Faculty/Details/5141
179,4379,Farah Naz,Lecturer,-1,farah.naz@nu.edu.pk,Computing,-1,http://isb.nu.edu.pk/Faculty/allfaculty//Images/Profile/SH/4379.jpg,http://isb.nu.edu.pk/Faculty/allfaculty//Faculty/Details/4379
180,9381,Mansoor Mushtaq,Lecturer,-1,mansoor.mushtaq@nu.edu.pk,Computing,-1,http://isb.nu.edu.pk/Faculty/allfaculty//Images/Profile/FSM/9381.jpg,http://isb.nu.edu.pk/Faculty/allfaculty//Faculty/Details/9381
181,5792,Ayesha Yaqoob,Lecturer,-1,ayesha.yaqoob@nu.edu.pk,Computing,-1,http://isb.nu.edu.pk/Faculty/allfaculty//Images/Profile/FSM/57922020-06-10_21.58.48.jpg,http://isb.nu.edu.pk/Faculty/allfaculty//Faculty/Details/5792
182,5841,Mehmood Ur Rehman,Lecturer,-1,mehmood.rehman@nu.edu.pk,Computing,-1,http://isb.nu.edu.pk/Faculty/allfaculty//Images/Profile/FSM/5841.JPG,http://isb.nu.edu.pk/Faculty/allfaculty//Faculty/Details/5841
183,5318,Sajjad Hanif,Instructor,-1,sajjad.hanif@nu.edu.pk,Computing,-1,http://isb.nu.edu.pk/Faculty/allfaculty//Images/Profile/FSM/5318.jpg,http://isb.nu.edu.pk/Faculty/allfaculty//Faculty/Details/5318
184,4656,Tufail Ahmad,Assistant Manager Academics,-1,tufail.ahmad@nu.edu.pk,Computing,-1,http://isb.nu.edu.pk/Faculty/allfaculty//Images/Profile/CS/4656.jpg,http://isb.nu.edu.pk/Faculty/allfaculty//Faculty/Details/4656
185,5405,Jabeen Akhtar,Academic Officer,-1,jabeen.akhtar@nu.edu.pk,Computing,-1,http://isb.nu.edu.pk/Faculty/allfaculty//Images/Profile/FSM/5405.jpg,http://isb.nu.edu.pk/Faculty/allfaculty//Faculty/Details/5405
186,3536,Muhammad Shiraz,Assistant,-1,muhammad.shiraz@nu.edu.pk,Computing,-1,http://isb.nu.edu.pk/Faculty/allfaculty//Images/Profile/FSM/3536.jpg,http://isb.nu.edu.pk/Faculty/allfaculty//Faculty/Details/3536
187,3938,Khadija Farooq,Incharge (Sciences & Humanities) & Assistant Professor,-1,khadija.farooq@nu.edu.pk,Computing,-1,http://isb.nu.edu.pk/Faculty/allfaculty//Images/Profile/SH/3938.jpg,http://isb.nu.edu.pk/Faculty/allfaculty//Faculty/Details/3938
188,4385,Muhammad Tayyeb Nadeem,Professor,-1,tayyeb.nadeem@nu.edu.pk,Computing,-1,http://isb.nu.edu.pk/Faculty/allfaculty//Images/Profile/SH/4385.jpg,http://isb.nu.edu.pk/Faculty/allfaculty//Faculty/Details/4385
189,4218,M. Usman Ashraf,Associate Professor,-1,usman.ashraf@nu.edu.pk,Computing,-1,http://isb.nu.edu.pk/Faculty/allfaculty//Images/Profile/SH/42182021-01-20_01.32.39.JPG,http://isb.nu.edu.pk/Faculty/allfaculty//Faculty/Details/4218
190,4219,Muhammad Ali,Associate Professor,-1,m.ali@nu.edu.pk,Computing,-1,http://isb.nu.edu.pk/Faculty/allfaculty//Images/Profile/SH/4219.jpg,http://isb.nu.edu.pk/Faculty/allfaculty//Faculty/Details/4219
191,4220,Syed Irfan Shah,Associate Professor,-1,irfan.shah@nu.edu.pk,Computing,-1,http://isb.nu.edu.pk/Faculty/allfaculty//Images/Profile/SH/4220.jpg,http://isb.nu.edu.pk/Faculty/allfaculty//Faculty/Details/4220
192,9383,Memoona Rasool,Assistant Professor,-1,maimoona.rasool@nu.edu.pk,Computing,-1,http://isb.nu.edu.pk/Faculty/allfaculty//Images/Profile/SH/9383.jpg,http://isb.nu.edu.pk/Faculty/allfaculty//Faculty/Details/9383
193,4576,Khalil Ullah,Assistant Professor,-1,khalil.awan@nu.edu.pk,Computing,-1,http://isb.nu.edu.pk/Faculty/allfaculty//Images/Profile/SH/4576.jpg,http://isb.nu.edu.pk/Faculty/allfaculty//Faculty/Details/4576
194,5248,Hamda Khan,Assistant Professor,-1,hamda.khan@nu.edu.pk,Computing,-1,http://isb.nu.edu.pk/Faculty/allfaculty//Images/Profile/SH/5248.jpg,http://isb.nu.edu.pk/Faculty/allfaculty//Faculty/Details/5248
195,3442,Shahzad Mahmood,Assistant Professor,-1,shahzad.mahmood@nu.edu.pk,Computing,-1,http://isb.nu.edu.pk/Faculty/allfaculty//Images/Profile/SH/3442.jpg,http://isb.nu.edu.pk/Faculty/allfaculty//Faculty/Details/3442
196,3940,Aisha Ijaz,Assistant Professor,-1,aisha.ijaz@nu.edu.pk,Computing,-1,http://isb.nu.edu.pk/Faculty/allfaculty//Images/Profile/SH/3940.jpg,http://isb.nu.edu.pk/Faculty/allfaculty//Faculty/Details/3940
197,4127,Mehwish Hassan,Assistant Professor,-1,mehwish.hassan@nu.edu.pk,Computing,-1,http://isb.nu.edu.pk/Faculty/allfaculty//Images/Profile/SH/4127.jpg,http://isb.nu.edu.pk/Faculty/allfaculty//Faculty/Details/4127
198,4214,Farah Jabeen Awan,Assistant Professor,-1,farah.awan@nu.edu.pk,Computing,-1,http://isb.nu.edu.pk/Faculty/allfaculty//Images/Profile/SH/4214.jpg,http://isb.nu.edu.pk/Faculty/allfaculty//Faculty/Details/4214
199,5354,Sehrish Hassan Shigri,Lecturer,-1,sehrish.hassan@nu.edu.pk,Computing,-1,http://isb.nu.edu.pk/Faculty/allfaculty//Images/Profile/SH/5354.jpg,http://isb.nu.edu.pk/Faculty/allfaculty//Faculty/Details/5354
200,5898,Sana Ilyas,Lecturer,-1,sanaa.ilyas@nu.edu.pk,Computing,-1,http://isb.nu.edu.pk/Faculty/allfaculty//Images/user/avatar_2x.png,http://isb.nu.edu.pk/Faculty/allfaculty//Faculty/Details/5898
201,5902,Zunera Malik,Lecturer,-1,zunaira.malik@nu.edu.pk,Computing,-1,http://isb.nu.edu.pk/Faculty/allfaculty//Images/user/avatar_2x.png,http://isb.nu.edu.pk/Faculty/allfaculty//Faculty/Details/5902
202,9341,Sadia Nauman,Lecturer,-1,sadia.nauman@nu.edu.pk,Computing,-1,http://isb.nu.edu.pk/Faculty/allfaculty//Images/Profile/SH/9341.jpg,http://isb.nu.edu.pk/Faculty/allfaculty//Faculty/Details/9341
203,9529,Sumera Abbas,Lecturer,-1,sumera.abbas@nu.edu.pk,Computing,-1,http://isb.nu.edu.pk/Faculty/allfaculty//Images/Profile/SH/9529.jpg,http://isb.nu.edu.pk/Faculty/allfaculty//Faculty/Details/9529
