,ID,Name,Designation,HEC Supervisor,Email,Department,Extension,Image,Profile URL
0,-1,Prof. Dr. Zulfiqar Ali Memon ,Professor and HoS,-1,zulfiqar.memon@nu.edu.pk,Department of Computer Science,214,https://khi.nu.edu.pk/wp-content/uploads/2023/01/Dr-Zulfiqar-Ali-Memon-HOS-FSC-226x300.png,https://khi.nu.edu.pk/personnel/prof-dr-zulfiqar-ali-memon-phd/
1,-1,Dr. Farooque Hassan Kumbhar ,Associate Professor and  HOD,-1,farooque.hassan@nu.edu.pk,Department of Computer Science,161,https://khi.nu.edu.pk/wp-content/uploads/2023/02/Dr.-Farooque-Hassan-Kumbhar-Associate-Professor-HOD-CS-240x300.jpg,https://khi.nu.edu.pk/personnel/dr-farooque-hassan-kumbhar-phd/
2,-1,Dr. Jawwad A. Shamsi,Professor & Dean,-1,jawwad.shamsi@nu.edu.pk,Department of Computer Science,218,https://khi.nu.edu.pk/wp-content/uploads/2023/01/Dr.-Jawwad-A-Shamsi-Professor-226x300.png,https://khi.nu.edu.pk/personnel/dr-jawwad-a-shamsi-phd/
3,-1,Dr. Muhammad Atif Tahir,Professor and Director,-1,atif.tahir@nu.edu.pk,Department of Computer Science,213,https://khi.nu.edu.pk/wp-content/uploads/2023/01/Prof.-Dr.-Muhammad-Atif-Tahir-300x300.png,https://khi.nu.edu.pk/personnel/dr-muhammad-atif-tahir-phd/
4,-1,Dr. Ghufran Ahmed,Professor,-1,ghufran.ahmed@nu.edu.pk,Department of Computer Science,233,https://khi.nu.edu.pk/wp-content/uploads/2023/02/Dr.-Ghufran-Ahmed-Associate-Professor-226x300.jpg,https://khi.nu.edu.pk/personnel/dr-ghufran-ahmed-phd/
5,-1,Dr. Nadeem Kafi,Assistant Professor,-1,Assistant Professor,Department of Computer Science,131,https://khi.nu.edu.pk/wp-content/uploads/2023/02/Dr.-Nadeem-Kafi-Khan-Assistant-Professor-1-233x300.jpg,https://khi.nu.edu.pk/personnel/dr-nadeem-kafi-phd/
6,-1,Dr. Nouman Durrani,Assistant Professor,-1,muhammad.nouman@nu.edu.pk,Department of Computer Science,133,https://khi.nu.edu.pk/wp-content/uploads/2023/02/Dr.-M-Nouman-Durrani-Assistant-Professor-226x300.jpg,https://khi.nu.edu.pk/personnel/dr-nouman-durrani-phd/
7,-1,Dr. Fahad Sherwani ,Assistant Professor,-1,fahad.sherwani@nu.edu.pk,Department of Computer Science,219,https://khi.nu.edu.pk/wp-content/uploads/2023/03/Mr.-Fahad-Sherwani-Assistant-Professor-226x300.jpg,https://khi.nu.edu.pk/personnel/dr-fahad-sherwani-phd/
8,-1,Dr. Farrukh Hasan Syed ,Assistant Professor,-1,farrukh.hasan@nu.edu.pk,Department of Computer Science,132,https://khi.nu.edu.pk/wp-content/uploads/2023/05/Dr.-Farrukh-Hassan-Syed-Assistant-Professor-226x300.jpg,https://khi.nu.edu.pk/personnel/dr-farrukh-hasan-syed-phd/
9,-1,Dr. Farrukh Salim Shaikh,Assistant Professor,-1,farrukh.salim@nu.edu.pk,Department of Computer Science,167,https://khi.nu.edu.pk/wp-content/uploads/2023/05/Dr-Farrukh-Salim-Shaikh-Assistant-Professor-CS-226x300.jpg,https://khi.nu.edu.pk/personnel/dr-farrukh-salim-shaikh-phd/
10,-1,Dr. Muhammad Farrukh Shahid ,Assistant Professor,-1,mfarrukh.shahid@nu.edu.pk,Department of Computer Science,163,https://khi.nu.edu.pk/wp-content/uploads/2023/05/Dr.-Muhammad-Farrukh-Shahid-Assistant-Professor--226x300.jpg,https://khi.nu.edu.pk/personnel/dr-muhammad-farrukh-shahid-phd/
11,-1,Dr. Nausheen Shoaib ,Assistant Professor,-1,nausheen.shoaib@nu.edu.pk,Department of Computer Science,280,https://khi.nu.edu.pk/wp-content/uploads/2023/06/Dr-Nausheen-Shoaib-Assistant-Professor-226x300.jpg,https://khi.nu.edu.pk/personnel/dr-nausheen-shoaib-phd/
12,-1,Mr. Muhammad JamilAssistant Professorm.jamil@nu.edu.pk 245More Detail,Assistant Professor,-1,m.jamil@nu.edu.pk ,Department of Computer Science,245,https://khi.nu.edu.pk/wp-content/uploads/2023/06/Mr-Jamil-Usmani-Assistant-Professor-CS-226x300.jpg,https://khi.nu.edu.pk/personnel/mr-muhammad-jamil/
13,-1,Mr. Muhammad ShahzadAssistant Professormshahzad@nu.edu.pk237More Detail,Assistant Professor,-1,mshahzad@nu.edu.pk,Department of Computer Science,237,https://khi.nu.edu.pk/wp-content/uploads/2023/06/Mr.-MUhammad-Shahzad-Assistant-Professor--240x300.jpg,https://khi.nu.edu.pk/personnel/mr-muhammad-shahzad/
14,-1,Mr. Syed Kashan Hussain NaqviAssistant Professorkashan.hussain@nu.edu.pk283More Detail,Assistant Professor,-1,kashan.hussain@nu.edu.pk,Department of Computer Science,283,https://khi.nu.edu.pk/wp-content/uploads/2023/06/Mr-Syed-Kashan-Hussain-Naqvi-Assistant-Professor-CS-226x300.jpg,https://khi.nu.edu.pk/personnel/mr-shahbaz-siddiqui/
15,-1,Ms. Rabia TabassumAssistant Professorrabia.tabassum@nu.edu.pk235More Detail,Assistant Professor,-1,rabia.tabassum@nu.edu.pk,Department of Computer Science,235,https://khi.nu.edu.pk/wp-content/uploads/2023/06/Ms-Rabia-Tabassum-Assistant-Professor-CS-226x300.jpg,https://khi.nu.edu.pk/personnel/dr-nausheen-shoaib/
16,-1,Dr. Rauf Ahmed Shams MalickAssociate Professor & GSC Coordinatorrauf.malick@nu.edu.pk140More Detail,Associate Professor & GSC Coordinator,-1,rauf.malick@nu.edu.pk,Department of Computer Science,140,https://khi.nu.edu.pk/wp-content/uploads/2023/06/Dr.-Rauf-Ahmed-Shams-Malik-Assistant-Professor--240x300.jpg,https://khi.nu.edu.pk/personnel/dr-rauf-ahmed-shams-malick/
17,-1,Mr. Ubaid AftabAssistant Professor (Adjunct)ubaid.aftab@nu.edu.pk225More Detail,Assistant Professor (Adjunct),-1,ubaid.aftab@nu.edu.pk,Department of Computer Science,225,https://khi.nu.edu.pk/wp-content/uploads/2023/06/Mr.-Ubaid-Aftab-Chawla-Adjunct-Assistant-Professor--240x300.jpg,https://khi.nu.edu.pk/personnel/mr-ubaid-aftab/
18,-1,Mr. Aashir MahboobLectureraashir.mahboob@nu.edu.pk113More Detail,Lecturer,-1,aashir.mahboob@nu.edu.pk,Department of Computer Science,113,https://khi.nu.edu.pk/wp-content/uploads/2023/06/Mr-Aashir-Mahboob-Lecturer-226x300.jpg,https://khi.nu.edu.pk/personnel/mr-shahbaz-siddiqui-2/
19,-1,Ms. Abeeha SattarLecturerabeeha.sattar@nu.edu.pk160More Detail,Lecturer,-1,abeeha.sattar@nu.edu.pk,Department of Computer Science,160,https://khi.nu.edu.pk/wp-content/uploads/2023/06/Ms-Abeeha-Sattar-Lecturer-CS-226x300.jpg,https://khi.nu.edu.pk/personnel/ms-abeeha-sattar/
20,-1,Ms. Anam QureshiLectureranam.qureshi@nu.edu.pk231More Detail,Lecturer,-1,anam.qureshi@nu.edu.pk,Department of Computer Science,231,https://khi.nu.edu.pk/wp-content/uploads/2023/06/Ms-Anam-Qureshi-Lecturer-CS-226x300.jpg,https://khi.nu.edu.pk/personnel/ms-anam-qureshi/
21,-1,Ms. Anaum HamidLectureranaum.hamid@nu.edu.pk237More Detail,Lecturer,-1,anaum.hamid@nu.edu.pk,Department of Computer Science,237,https://khi.nu.edu.pk/wp-content/uploads/2023/06/Anaum-Hamid-Lecturer-226x300.jpg,https://khi.nu.edu.pk/personnel/ms-anaum-hamid/
22,-1,Ms. Aqsa ZahidLectureraqsa.zahid@nu.edu.pk293More Detail,Lecturer,-1,aqsa.zahid@nu.edu.pk,Department of Computer Science,293,https://khi.nu.edu.pk/wp-content/uploads/2023/06/Ms-Aqsa-Zahid-Lecturer-CS-226x300.jpg,https://khi.nu.edu.pk/personnel/ms-aqsa-zahid/
23,-1,Ms. BakhtawerLecturerbakhtawar.abbasi@nu.edu.pk136More Detail,Lecturer,-1,bakhtawar.abbasi@nu.edu.pk,Department of Computer Science,136,https://khi.nu.edu.pk/wp-content/uploads/2023/06/Ms-Bakhtawer-Lecturer-CS-226x300.jpg,https://khi.nu.edu.pk/personnel/ms-bakhtawer/
24,-1,Mr. Basit AliLecturerbasit.jasani@nu.edu.pk130More Detail,Lecturer,-1,basit.jasani@nu.edu.pk,Department of Computer Science,130,https://khi.nu.edu.pk/wp-content/uploads/2023/06/Mr-Basit-Ali-Lecturer-CS-226x300.jpg,https://khi.nu.edu.pk/personnel/mr-basit-ali/
25,-1,Ms. Eman ShahidLecturereman.shahid@nu.edu.pk178More Detail,Lecturer,-1,eman.shahid@nu.edu.pk,Department of Computer Science,178,https://khi.nu.edu.pk/wp-content/uploads/2023/06/Ms-Eman-Shahid-Lecturer-CS-226x300.jpg,https://khi.nu.edu.pk/personnel/ms-eman-shahid/
26,-1,Mr. Fahad HussainLecturerfahad.hussain@nu.edu.pk136More Detail,Lecturer,-1,fahad.hussain@nu.edu.pk,Department of Computer Science,136,https://khi.nu.edu.pk/wp-content/uploads/2023/06/Fahad-Hussain-Lecturer-CS--226x300.jpg,https://khi.nu.edu.pk/personnel/mr-fahad-hussain/
27,-1,Mr. Faisal AhmedLecturerfaisal.ahmed@nu.edu.pk170More Detail,Lecturer,-1,faisal.ahmed@nu.edu.pk,Department of Computer Science,170,https://khi.nu.edu.pk/wp-content/uploads/2023/06/Fazsal-Ahmed-Lecturer-CS-226x300.jpg,https://khi.nu.edu.pk/personnel/mr-faisal-ahmed/
28,-1,Ms. Hajra AhmedLecturerhajra.ahmed@nu.edu.pk142More Detail,Lecturer,-1,hajra.ahmed@nu.edu.pk,Department of Computer Science,142,https://khi.nu.edu.pk/wp-content/uploads/2023/06/Ms-Hajra-Ahmed-Lecturer-CS-226x300.jpg,https://khi.nu.edu.pk/personnel/ms-hajra-ahmed/
29,-1,Ms. Javeria FarooqLecturerjaveria.farooq@nu.edu.pk220More Detail,Lecturer,-1,javeria.farooq@nu.edu.pk,Department of Computer Science,220,https://khi.nu.edu.pk/wp-content/uploads/2023/06/Ms.-Javeria-Farooq-Lecturer--240x300.jpg,https://khi.nu.edu.pk/personnel/ms-javeria-farooq/
30,-1,Ms. Mafaza MohiLecturermafaza.mohi@nu.edu.pk293More Detail,Lecturer,-1,mafaza.mohi@nu.edu.pk,Department of Computer Science,293,https://khi.nu.edu.pk/wp-content/uploads/2023/06/Ms.-Mafaza-Mohi-Lecturer-CS-1-226x300.jpg,https://khi.nu.edu.pk/personnel/ms-mafaza-mohi/
31,-1,Ms. Mubashra FayyazLecturermubashra.fayyaz@nu.edu.pk172More Detail,Lecturer,-1,mubashra.fayyaz@nu.edu.pk,Department of Computer Science,172,https://khi.nu.edu.pk/wp-content/uploads/2023/06/Ms-Mubashra-Fayyaz-Lecturer-CS-226x300.jpg,https://khi.nu.edu.pk/personnel/ms-mubashra-fayyaz/
32,-1,Mr. Muhammad Danish KhanLecturerm.danish@nu.edu.pk244More Detail,Lecturer,-1,m.danish@nu.edu.pk,Department of Computer Science,244,https://khi.nu.edu.pk/wp-content/uploads/2023/06/Mr-Danish-Khan-Lecturer-CS-226x300.jpg,https://khi.nu.edu.pk/personnel/mr-muhammad-danish-khan/
33,-1,Ms. Nida MunawarLecturernida.munawwar@nu.edu.pk136More Detail,Lecturer,-1,nida.munawwar@nu.edu.pk,Department of Computer Science,136,https://khi.nu.edu.pk/wp-content/uploads/2023/06/Ms-Nida-Munawar-Lecturer-CS-226x300.jpg,https://khi.nu.edu.pk/personnel/ms-nida-munawar/
34,-1,Ms. Noureen FatimaLecturernida.munawwar@nu.edu.pk160More Detail,Lecturer,-1,nida.munawwar@nu.edu.pk,Department of Computer Science,160,https://khi.nu.edu.pk/wp-content/uploads/2023/06/Ms-Noureen-Fatima-Lecturer-CS-226x300.jpg,https://khi.nu.edu.pk/personnel/ms-noureen-fatima/
35,-1,Ms. SafiaLecturersafia@nu.edu.pk266More Detail,Lecturer,-1,safia@nu.edu.pk,Department of Computer Science,266,https://khi.nu.edu.pk/wp-content/uploads/2023/06/Ms-Safia-Baloch-Lecturer-CS-226x300.jpg,https://khi.nu.edu.pk/personnel/ms-safia/
36,-1,Ms. Shahar Bano HusnineLecturershahar.bano@nu.edu.pk220More Detail,Lecturer,-1,shahar.bano@nu.edu.pk,Department of Computer Science,220,https://khi.nu.edu.pk/wp-content/uploads/2023/06/Ms-Shaharbano-Lecturer-CS-226x300.jpg,https://khi.nu.edu.pk/personnel/ms-shahar-bano-husnine/
37,-1,Mr. Shahroz BakhtLecturershahroz.bakht@nu.edu.pk136More Detail,Lecturer,-1,shahroz.bakht@nu.edu.pk,Department of Computer Science,136,https://khi.nu.edu.pk/wp-content/uploads/2023/06/Shahroz-Bakht-Lecturer-CS--226x300.jpg,https://khi.nu.edu.pk/personnel/mr-shahroz-bakht/
38,-1,Mr. Shoaib RaufLecturershoaib.rauf@nu.edu.pk258More Detail,Lecturer,-1,shoaib.rauf@nu.edu.pk,Department of Computer Science,258,https://khi.nu.edu.pk/wp-content/uploads/2023/06/Mr-Shoaib-Rauf-Lecturer-CS-226x300.jpg,https://khi.nu.edu.pk/personnel/mr-shoaib-rauf/
39,-1,Ms. Sobia IftikharLecturersobia.iftikhar@nu.edu.pk237More Detail,Lecturer,-1,sobia.iftikhar@nu.edu.pk,Department of Computer Science,237,https://khi.nu.edu.pk/wp-content/uploads/2023/06/Ms-Sobia-Iftikhar-Lecturer-CS-226x300.jpg,https://khi.nu.edu.pk/personnel/ms-sobia-iftikhar/
40,-1,Ms. SumaiyahLecturersumaiyah@nu.edu.pk266More Detail,Lecturer,-1,sumaiyah@nu.edu.pk,Department of Computer Science,266,https://khi.nu.edu.pk/wp-content/uploads/2023/06/Ms-Sumaiyah-Zahid-Lecturer-CS-226x300.jpg,https://khi.nu.edu.pk/personnel/ms-sumaiyah/
41,-1,Mr. Syed Zain Ul HassanLecturerzain.hassan@nu.edu.pk197More Detail,Lecturer,-1,zain.hassan@nu.edu.pk,Department of Computer Science,197,https://khi.nu.edu.pk/wp-content/uploads/2023/06/Mr.-Syed-Zain-Ul-Hassan-Lecturer-233x300.jpg,https://khi.nu.edu.pk/personnel/mr-syed-zain-ul-hassan/
42,-1,Ms. Yusra KaleemLectureryusra.kaleem@nu.edu.pk280More Detail,Lecturer,-1,yusra.kaleem@nu.edu.pk,Department of Computer Science,280,https://khi.nu.edu.pk/wp-content/uploads/2023/06/Ms-Yusra-Kaleem-Lecturer-CS-226x300.jpg,https://khi.nu.edu.pk/personnel/ms-yusra-kaleem/
43,-1,Ms. Ayesha AliLecturerayesha.ali@nu.edu.pk293More Detail,Lecturer,-1,ayesha.ali@nu.edu.pk,Department of Computer Science,293,https://khi.nu.edu.pk/wp-content/uploads/2023/06/Ayesha-Alii-Instructor-CS--226x300.jpg,https://khi.nu.edu.pk/personnel/ms-ayesha-ali-2/
44,-1,Mr. Muhammad MonisInstructormuhammad.monis@nu.edu.pk284More Detail,Instructor,-1,muhammad.monis@nu.edu.pk,Department of Computer Science,284,https://khi.nu.edu.pk/wp-content/uploads/2023/06/Muhammad-Monis-Instructor-CS-226x300.jpg,https://khi.nu.edu.pk/personnel/mr-muhammad-monis/
45,-1,Mr. Shafique RahmanInstructorshafique.rehman@nu.edu.pk284More Detail,Instructor,-1,shafique.rehman@nu.edu.pk,Department of Computer Science,284,https://khi.nu.edu.pk/wp-content/uploads/2023/06/Mr.-Shafique-Rehman-Instructor-CS-226x300.jpg,https://khi.nu.edu.pk/personnel/mr-shafique-rahman/
46,-1,Mr. Shaheer Ahmad KhanInstructorshaheer.khan@nu.edu.pk284More Detail,Instructor,-1,shaheer.khan@nu.edu.pk,Department of Computer Science,284,https://khi.nu.edu.pk/wp-content/uploads/2023/06/Mr.-Shaheer-Ahmad-Khan-Instructor-CS-226x300.jpg,https://khi.nu.edu.pk/personnel/mr-shaheer-ahmad-khan/
47,-1,Mr. Shakir HussainInstructorshakir.hussain@nu.edu.pk284More Detail,Instructor,-1,shakir.hussain@nu.edu.pk,Department of Computer Science,284,https://khi.nu.edu.pk/wp-content/uploads/2023/06/Shakir-Hussain-Instructor-CS--226x300.jpg,https://khi.nu.edu.pk/personnel/mr-shakir-hussain/
48,-1,Mr. Taha AhmedInstructortaha.ahmed@nu.edu.pk284More Detail,Instructor,-1,taha.ahmed@nu.edu.pk,Department of Computer Science,284,https://khi.nu.edu.pk/wp-content/uploads/2023/06/Taha-Ahmed-Instructor-226x300.jpg,https://khi.nu.edu.pk/personnel/mr-taha-ahmed/
49,-1,Mr. Yasir ArfatInstructoryasir.arfat@nu.edu.pk284More Detail,Instructor,-1,yasir.arfat@nu.edu.pk,Department of Computer Science,284,https://khi.nu.edu.pk/wp-content/uploads/2023/06/Yasir-Arfat-Instructor-226x300.jpg,https://khi.nu.edu.pk/personnel/mr-yasir-arfat/
50,-1,Ms. Zainab Asif JawedInstructorzainab.asif@nu.edu.pk293More Detail,Instructor,-1,zainab.asif@nu.edu.pk,Department of Computer Science,293,https://khi.nu.edu.pk/wp-content/uploads/2023/06/Zainab-Asif-Jawed-Instructor-CS--226x300.jpg,https://khi.nu.edu.pk/personnel/ms-zainab-asif-jawed/
51,-1,Dr. Nasir UddinAssistant Professornasir.uddin@nu.edu.pk126More Detail,Assistant Professor,-1,nasir.uddin@nu.edu.pk,Department of Computer Science,126,N/A,https://khi.nu.edu.pk/personnel/dr-nasir-uddin/
