,Unnamed: 0,ID,Name,Designation,HEC Supervisor,Email,Department,Extension,Image,Profile URL
323,87,5790,Umair Arshad,Lecturer,-1,umair.arshad@nu.edu.pk,Computing,-1,http://isb.nu.edu.pk/Faculty/allfaculty//Images/Profile/CS/5790.jpg,http://isb.nu.edu.pk/Faculty/allfaculty//Faculty/Details/5790
393,157,3813,Sadia Nadeem,HOD & Professor,-1,sadia.nadeem@nu.edu.pk,Computing,-1,"http://isb.nu.edu.pk/Faculty/allfaculty//Images/Profile/FSM/38132020-05-20, 23.16.54.jpg",http://isb.nu.edu.pk/Faculty/allfaculty//Faculty/Details/3813
327,91,6252,Hira Mastoor ,Instructor,-1,hira.mastoor@nu.edu.pk,Computing,-1,http://isb.nu.edu.pk/Faculty/allfaculty//Images/Profile/CS/6252.jpg,http://isb.nu.edu.pk/Faculty/allfaculty//Faculty/Details/6252
111,111,4592,Ms. Sarah Asif,Assistant Professor,0,sarah.asif@nu.edu.pk,FAST School of Computing Faculty,-1,https://lhr.nu.edu.pk/media/Faculty/74-_Sarah_Asif_Asst._Prof._CvL.JPG,https://lhr.nu.edu.pk/cv/facultyProfile/4592
197,13,-1,Mr. Muhammad ShahzadAssistant Professormshahzad@nu.edu.pk237More Detail,Assistant Professor,-1,mshahzad@nu.edu.pk,Department of Computer Science,237,https://khi.nu.edu.pk/wp-content/uploads/2023/06/Mr.-MUhammad-Shahzad-Assistant-Professor--240x300.jpg,https://khi.nu.edu.pk/personnel/mr-muhammad-shahzad/
413,177,5093,Sidra Abbas,Lecturer,-1,sidra.abbas@nu.edu.pk,Computing,-1,http://isb.nu.edu.pk/Faculty/allfaculty//Images/Profile/FSM/5093.jpg,http://isb.nu.edu.pk/Faculty/allfaculty//Faculty/Details/5093
17,17,6273,Dr. Iqra Safder,Assistant Professor,0,iqra.safder@nu.edu.pk,FAST School of Computing Faculty,-1,https://lhr.nu.edu.pk/media/Faculty/13_-_Dr._Iqra_Safdar_Asst_Prof_CS.JPG,https://lhr.nu.edu.pk/fsc/facultyProfile/6273
211,27,-1,Mr. Faisal AhmedLecturerfaisal.ahmed@nu.edu.pk170More Detail,Lecturer,-1,faisal.ahmed@nu.edu.pk,Department of Computer Science,170,https://khi.nu.edu.pk/wp-content/uploads/2023/06/Fazsal-Ahmed-Lecturer-CS-226x300.jpg,https://khi.nu.edu.pk/personnel/mr-faisal-ahmed/
182,182,-1,Mr. Hafiz Umair Gulzar,Lecturer (Islamiat),0,umair.gulzar@nu.edu.pk,FAST School of Computing Faculty,-1,https://lhr.nu.edu.pk/media/Faculty/163_-_Hafiz_Umair_Gulzar_Lecturer_SH.JPG,"https://lhr.nu.edu.pk/ss/facultyProfile/BBA,%20NUCES"
137,137,4483,Mr. Aamer Allauddin,Assistant Professor,0,allauddin@gmail.com,FAST School of Computing Faculty,-1,https://lhr.nu.edu.pk/media/Faculty/124_-_Aamer_Allauddin_Asst_Prof_MG.JPG,https://lhr.nu.edu.pk/fsm/facultyProfile/4483
126,126,3924,Dr. Hamid Hassan,Professor & HOD,1,hamid.hassan@nu.edu.pk,FAST School of Computing Faculty,-1,https://lhr.nu.edu.pk/media/Faculty/114_-_Dr._Hamid_Hassan_Prof.__HoD_MG.JPG,https://lhr.nu.edu.pk/fsm/facultyProfile/3924
267,31,5250,Amna Irum,Assistant Professor,-1,amna.irum@nu.edu.pk,Computing,-1,http://isb.nu.edu.pk/Faculty/allfaculty//Images/Profile/CS/5250.jpg,http://isb.nu.edu.pk/Faculty/allfaculty//Faculty/Details/5250
381,145,4669,Fakhar Abbas,Lab Engineer,-1,fakhar.abbas@nu.edu.pk,Computing,-1,http://isb.nu.edu.pk/Faculty/allfaculty//Images/Profile/EE/4669.jpg,http://isb.nu.edu.pk/Faculty/allfaculty//Faculty/Details/4669
365,129,4340,Sana Hassan,Assistant Professor,-1,sana.hassan@nu.edu.pk,Computing,-1,http://isb.nu.edu.pk/Faculty/allfaculty//Images/Profile/EE/4340.jpg,http://isb.nu.edu.pk/Faculty/allfaculty//Faculty/Details/4340
431,195,3442,Shahzad Mahmood,Assistant Professor,-1,shahzad.mahmood@nu.edu.pk,Computing,-1,http://isb.nu.edu.pk/Faculty/allfaculty//Images/Profile/SH/3442.jpg,http://isb.nu.edu.pk/Faculty/allfaculty//Faculty/Details/3442
265,29,4129,Amna Basharat,Assistant Professor,-1,amna.basharat@nu.edu.pk,Computing,-1,http://isb.nu.edu.pk/Faculty/allfaculty//Images/Profile/CS/4129.jpg,http://isb.nu.edu.pk/Faculty/allfaculty//Faculty/Details/4129
350,114,5912,Baber Shahzad,Assistant Academic Officer,-1,baber.shahzad@nu.edu.pk,Computing,-1,http://isb.nu.edu.pk/Faculty/allfaculty//Images/Profile/CS/5912.jpg,http://isb.nu.edu.pk/Faculty/allfaculty//Faculty/Details/5912
134,134,5423,Dr. Mian Muhammad Atif,Assistant Professor,1,mian.atif @nu.edu.pk,FAST School of Computing Faculty,-1,https://lhr.nu.edu.pk/media/Faculty/116_-_Dr._Mian_M._Atif_Asst._Prof._MG.JPG,https://lhr.nu.edu.pk/fsm/facultyProfile/5423
54,54,6114,Mr. Muhammad Naveed,Lecturer,0,muhammad.naveed@nu.edu.pk,FAST School of Computing Faculty,-1,https://lhr.nu.edu.pk/media/Faculty/27_-_Muhammad_Naveed_Lecturer_CS.JPG,https://lhr.nu.edu.pk/fsc/facultyProfile/6114
318,82,5692,Syed M.Saad Salman,Lecturer,-1,saad.salman@nu.edu.pk,Computing,-1,http://isb.nu.edu.pk/Faculty/allfaculty//Images/Profile/CS/5692.jpg,http://isb.nu.edu.pk/Faculty/allfaculty//Faculty/Details/5692
254,18,5586,Khubaib Amjad ,Associate Professor,-1,khubaib.amjad@nu.edu.pk ,Computing,-1,http://isb.nu.edu.pk/Faculty/allfaculty//Images/Profile/CS/5586_20211001.jpg,http://isb.nu.edu.pk/Faculty/allfaculty//Faculty/Details/5586
349,113,5582,Amir Rehman,Academic Officer,-1,amir.rehman@nu.edu.pk,Computing,-1,http://isb.nu.edu.pk/Faculty/allfaculty//Images/Profile/CS/5582.jpg,http://isb.nu.edu.pk/Faculty/allfaculty//Faculty/Details/5582
91,91,4484,Ms. Shazia Haque,Assistant Professor,0,shazia.haque@nu.edu.pk,FAST School of Computing Faculty,-1,https://lhr.nu.edu.pk/media/Faculty/99_-_Shazia_Haque_Asst_Prof_EE_KlhDgvG.JPG,https://lhr.nu.edu.pk/ee/facultyProfile/4484
437,201,5902,Zunera Malik,Lecturer,-1,zunaira.malik@nu.edu.pk,Computing,-1,http://isb.nu.edu.pk/Faculty/allfaculty//Images/user/avatar_2x.png,http://isb.nu.edu.pk/Faculty/allfaculty//Faculty/Details/5902
434,198,4214,Farah Jabeen Awan,Assistant Professor,-1,farah.awan@nu.edu.pk,Computing,-1,http://isb.nu.edu.pk/Faculty/allfaculty//Images/Profile/SH/4214.jpg,http://isb.nu.edu.pk/Faculty/allfaculty//Faculty/Details/4214
420,184,4656,Tufail Ahmad,Assistant Manager Academics,-1,tufail.ahmad@nu.edu.pk,Computing,-1,http://isb.nu.edu.pk/Faculty/allfaculty//Images/Profile/CS/4656.jpg,http://isb.nu.edu.pk/Faculty/allfaculty//Faculty/Details/4656
78,78,4108,Dr. S.M. Sajid,Professor,1,sm.sajid@nu.edu.pk,FAST School of Computing Faculty,-1,https://lhr.nu.edu.pk/media/Faculty/92_-_Dr._S.M._Sajid_Professor_EE.JPG,https://lhr.nu.edu.pk/ee/facultyProfile/4108
66,66,6144,Mr. Muhammad Mazarib,Instructor,0,muhammad.mazarib@nu.edu.pk,FAST School of Computing Faculty,-1,https://lhr.nu.edu.pk/media/Faculty/43_-_Muhammad_Mazarib_Instructor_CS.png,https://lhr.nu.edu.pk/fsc/facultyProfile/6144
422,186,3536,Muhammad Shiraz,Assistant,-1,muhammad.shiraz@nu.edu.pk,Computing,-1,http://isb.nu.edu.pk/Faculty/allfaculty//Images/Profile/FSM/3536.jpg,http://isb.nu.edu.pk/Faculty/allfaculty//Faculty/Details/3536
282,46,9242,"Shoaib Saleem Khattak
",Lecturer,-1,shoaib.saleem@nu.edu.pk,Computing,-1,http://isb.nu.edu.pk/Faculty/allfaculty//Images/Profile/CS/9242.jpg,http://isb.nu.edu.pk/Faculty/allfaculty//Faculty/Details/9242
306,70,5883,Parisa Salma,Lecturer,-1,parisa.salma@nu.edu.pk,Computing,-1,http://isb.nu.edu.pk/Faculty/allfaculty//Images/Profile/CS/5883.JPG,http://isb.nu.edu.pk/Faculty/allfaculty//Faculty/Details/5883
206,22,-1,Ms. Aqsa ZahidLectureraqsa.zahid@nu.edu.pk293More Detail,Lecturer,-1,aqsa.zahid@nu.edu.pk,Department of Computer Science,293,https://khi.nu.edu.pk/wp-content/uploads/2023/06/Ms-Aqsa-Zahid-Lecturer-CS-226x300.jpg,https://khi.nu.edu.pk/personnel/ms-aqsa-zahid/
405,169,5197,Aftab Bhatti,Assistant Professor,-1,aftab.bhatti@nu.edu.pk,Computing,-1,"http://isb.nu.edu.pk/Faculty/allfaculty//Images/Profile/FSM/51972020-05-31, 22.05.10.jpg",http://isb.nu.edu.pk/Faculty/allfaculty//Faculty/Details/5197
354,118,6540,"Nayab Razzaq
",Department Secretary,-1,nayab.razzaq@nu.edu.pk,Computing,-1,http://isb.nu.edu.pk/Faculty/allfaculty//Images/Profile/CS/6540.jpg,http://isb.nu.edu.pk/Faculty/allfaculty//Faculty/Details/6540
314,78,5465,Majid Hussain,Lecturer,-1,majid.hussain@nu.edu.pk,Computing,-1,http://isb.nu.edu.pk/Faculty/allfaculty//Images/Profile/CS/5465.jpg,http://isb.nu.edu.pk/Faculty/allfaculty//Faculty/Details/5465
304,68,5876,Shafaq Riaz Bhatti,Lecturer,-1,shafaq.riaz@nu.edu.pk,Computing,-1,http://isb.nu.edu.pk/Faculty/allfaculty//Images/Profile/CS/5876.jpg,http://isb.nu.edu.pk/Faculty/allfaculty//Faculty/Details/5876
122,122,6573,Ms. Mahnoor,Lab Engineer,0,mahnoor.akram@nu.edu.pk,FAST School of Computing Faculty,-1,https://lhr.nu.edu.pk/media/Faculty/88_-_Mahnoor_Lab_Engineer_CvL.png,https://lhr.nu.edu.pk/cv/facultyProfile/6573
117,117,5370,Mr. Shoaib Ameer,Lecturer,0,shoaib.ameer@nu.edu.pk,FAST School of Computing Faculty,-1,https://lhr.nu.edu.pk/media/Faculty/80_-_Shoaib_Ameer_Lecturer_CvL.JPG,https://lhr.nu.edu.pk/cv/facultyProfile/5370
101,101,6665,Ms. Eisha Khan,Lab Engineer,0,eisha.khan@nu.edu.pk,FAST School of Computing Faculty,-1,https://lhr.nu.edu.pk/media/Faculty/6665.png,https://lhr.nu.edu.pk/ee/facultyProfile/6665
325,89,5212,Shoaib Mehboob,Lecturer,-1,shoaib.mehboob@nu.edu.pk,Computing,-1,http://isb.nu.edu.pk/Faculty/allfaculty//Images/Profile/CS/5212.jpg,http://isb.nu.edu.pk/Faculty/allfaculty//Faculty/Details/5212
303,67,5981,Ifrah Qaiser,Lecturer,-1,ifrah.qaiser@nu.edu.pk,Computing,-1,http://isb.nu.edu.pk/Faculty/allfaculty//Images/Profile/CS/5981_20211001.jpg,http://isb.nu.edu.pk/Faculty/allfaculty//Faculty/Details/5981
102,102,9451,Dr. Shahid Ali,Professor & HOD,1,shahid.ali@nu.edu.pk,FAST School of Computing Faculty,-1,https://lhr.nu.edu.pk/media/Faculty/69_-_Dr._Shahid_Ali_Prof__HoD_CvL.JPG,https://lhr.nu.edu.pk/cv/facultyProfile/9451
157,157,1250,Dr. Saeeda Zia,Associate Professor,1,saeeda.zia@nu.edu.pk,FAST School of Computing Faculty,-1,https://lhr.nu.edu.pk/media/Faculty/143_-_Dr._Saeeda_Zia_Assoc_Prof_Math.JPG,https://lhr.nu.edu.pk/ss/facultyProfile/1250
128,128,5014,Dr. Ammar Javed,Assistant Professor,0,ammar.javed@nu.edu.pk,FAST School of Computing Faculty,-1,https://lhr.nu.edu.pk/media/Faculty/119-_Dr._Ammar_Javed_Asst._Prof._MG.JPG,https://lhr.nu.edu.pk/fsm/facultyProfile/5014
